timestamp_iso,t_s,power_w,util_gpu_pct,mem_used_mib,clocks_sm_mhz,temp_c,phase
2026-09-09T07:54:44.017+00:00,0.000,113.902,0,23164.2,2700,49,measure
2026-09-09T07:54:45.014+00:00,1.000,72.634,0,23164.2,540,49,measure
2026-09-09T07:54:46.015+00:00,2.000,45.702,0,23164.2,375,47,measure
2026-09-09T07:54:47.025+00:00,3.012,32.27,0,23164.2,270,47,measure
2026-09-09T07:54:48.016+00:00,4.000,32.672,1,23152.2,240,46,measure
2026-09-09T07:54:48.358+00:00,5.000,32.301,0,23164.2,210,46,measure
2026-09-09T07:54:49.358+00:00,6.000,31.46,8,23164.2,255,46,measure
2026-09-09T07:54:50.358+00:00,7.000,23.523,3,23164.2,210,46,measure
2026-09-09T07:54:51.358+00:00,8.000,136.869,99,23151.2,2700,52,measure
2026-09-09T07:54:52.357+00:00,9.000,295.382,99,23118.2,2700,54,measure
2026-09-09T07:54:53.357+00:00,10.000,318.351,99,23127.2,2700,56,measure
2026-09-09T07:54:54.357+00:00,11.000,332.363,99,23189.4,2700,59,measure
2026-09-09T07:54:55.357+00:00,12.000,352.996,99,23189.4,2685,62,measure
2026-09-09T07:54:56.357+00:00,13.000,361.813,99,23189.6,2685,63,measure
2026-09-09T07:54:57.356+00:00,14.000,366.803,99,23231.1,2685,63,measure
2026-09-09T07:54:58.356+00:00,15.000,370.584,99,23226.5,2685,64,measure
2026-09-09T07:54:59.356+00:00,16.000,375.09,99,23226.5,2685,64,measure
2026-09-09T07:55:00.358+00:00,17.001,370.439,99,23226.5,2685,61,measure
2026-09-09T07:55:01.359+00:00,18.001,373.627,99,23226.5,2685,65,measure
2026-09-09T07:55:02.356+00:00,19.000,374.877,99,23226.5,2685,63,measure
2026-09-09T07:55:03.356+00:00,20.000,377.931,99,23226.5,2685,64,measure
2026-09-09T07:55:04.356+00:00,21.000,377.713,99,23226.5,2685,63,measure
2026-09-09T07:55:05.356+00:00,22.000,367.563,99,23226.5,2685,62,measure
2026-09-09T07:55:06.356+00:00,23.000,374.361,99,23226.5,2685,64,measure
2026-09-09T07:55:07.356+00:00,24.000,379.303,99,23226.5,2685,65,measure
2026-09-09T07:55:08.356+00:00,25.001,376.146,99,23226.5,2685,65,measure
2026-09-09T07:55:09.356+00:00,26.000,372.784,99,23226.5,2685,63,measure
2026-09-09T07:55:10.356+00:00,27.000,369.495,99,23165.4,2685,62,measure
2026-09-09T07:55:11.356+00:00,28.000,364.516,99,23165.4,2685,64,measure
2026-09-09T07:55:12.356+00:00,29.000,364.305,99,23156.2,2685,63,measure
2026-09-09T07:55:13.356+00:00,30.000,371.571,99,23164.2,2685,63,measure
2026-09-09T07:55:14.356+00:00,31.000,373.327,99,23164.2,2685,65,measure
2026-09-09T07:55:15.356+00:00,32.000,374.878,99,23164.2,2685,63,measure
2026-09-09T07:55:16.356+00:00,33.000,376.569,99,23164.2,2685,64,measure
2026-09-09T07:55:17.357+00:00,34.001,368.049,99,23164.2,2685,65,measure
2026-09-09T07:55:18.356+00:00,35.000,370.847,99,23164.2,2685,63,measure
2026-09-09T07:55:19.357+00:00,36.000,370.279,99,23164.2,2685,65,measure
2026-09-09T07:55:19.696+00:00,37.001,373.974,99,23164.2,2685,66,measure
2026-09-09T07:55:20.696+00:00,38.001,371.893,99,23164.2,2685,64,measure
2026-09-09T07:55:21.696+00:00,39.000,366.173,99,23164.2,2685,64,measure
2026-09-09T07:55:22.695+00:00,40.000,367.995,99,23162.2,2685,64,measure
2026-09-09T07:55:23.697+00:00,41.002,358.592,99,23117.8,2685,65,measure
2026-09-09T07:55:24.696+00:00,42.001,366.976,99,23117.8,2685,66,measure
2026-09-09T07:55:25.696+00:00,43.000,375.853,99,23117.8,2685,65,measure
2026-09-09T07:55:26.696+00:00,44.001,370.069,99,23117.8,2685,65,measure
2026-09-09T07:55:27.696+00:00,45.000,372.491,99,23117.8,2685,65,measure
2026-09-09T07:55:28.702+00:00,46.006,366.27,99,23117.8,2685,64,measure
2026-09-09T07:55:29.700+00:00,47.005,354.423,99,23117.8,2685,65,measure
2026-09-09T07:55:30.711+00:00,48.016,357.214,99,23117.8,2685,66,measure
2026-09-09T07:55:31.709+00:00,49.012,360.133,99,23117.8,2685,64,measure
2026-09-09T07:55:32.699+00:00,50.004,358.52,99,23111.2,2685,64,measure
2026-09-09T07:55:33.716+00:00,51.021,357.357,99,23112.9,2685,63,measure
2026-09-09T07:55:34.698+00:00,52.003,358.082,99,23132,2685,66,measure
2026-09-09T07:55:35.705+00:00,53.008,361.088,99,23115,2685,64,measure
2026-09-09T07:55:36.707+00:00,54.010,356.819,99,23115,2685,64,measure
2026-09-09T07:55:37.696+00:00,55.001,383.083,99,23115,2685,66,measure
2026-09-09T07:55:38.708+00:00,56.011,383.19,99,23115,2685,65,measure
2026-09-09T07:55:39.696+00:00,57.000,387.154,99,23115,2685,67,measure
2026-09-09T07:55:40.707+00:00,58.010,376.815,99,23115,2685,64,measure
2026-09-09T07:55:41.716+00:00,59.021,379.296,99,23107,2685,67,measure
2026-09-09T07:55:42.705+00:00,60.009,391.049,99,23107,2685,66,measure
2026-09-09T07:55:43.709+00:00,61.012,368.9,99,23151.1,2685,65,measure
2026-09-09T07:55:44.704+00:00,62.008,367.928,99,23161.1,2685,66,measure
2026-09-09T07:55:45.698+00:00,63.003,371.368,99,23162.1,2685,65,measure
2026-09-09T07:55:46.709+00:00,64.013,369.977,99,23160.9,2685,64,measure
2026-09-09T07:55:47.709+00:00,65.012,384.67,99,23160.9,2685,67,measure
2026-09-09T07:55:48.717+00:00,66.021,366.361,99,23160.9,2685,65,measure
2026-09-09T07:55:49.697+00:00,67.002,366.874,99,23160.9,2685,64,measure
2026-09-09T07:55:50.698+00:00,68.002,351.02,99,23160.9,2685,65,measure
2026-09-09T07:55:51.035+00:00,69.001,365.216,99,23160.9,2685,66,measure
2026-09-09T07:55:52.040+00:00,70.006,377.425,99,23160.9,2685,67,measure
2026-09-09T07:55:53.036+00:00,71.002,376.618,99,23160.9,2685,68,measure
2026-09-09T07:55:54.035+00:00,72.002,382.129,99,23160.9,2685,68,measure
2026-09-09T07:55:55.034+00:00,73.001,376.213,99,23160.9,2685,67,measure
2026-09-09T07:55:56.034+00:00,74.000,373.812,99,23160.9,2685,65,measure
2026-09-09T07:55:57.035+00:00,75.001,357.927,99,23160.9,2685,64,measure
2026-09-09T07:55:58.040+00:00,76.004,365.416,99,23160.9,2685,67,measure
2026-09-09T07:55:59.037+00:00,77.004,359.197,99,23160.9,2685,65,measure
2026-09-09T07:56:00.036+00:00,78.003,362.394,99,23160.9,2685,64,measure
2026-09-09T07:56:01.034+00:00,79.001,370.21,99,23160.9,2685,67,measure
2026-09-09T07:56:02.035+00:00,80.001,370.455,99,23160.9,2685,66,measure
2026-09-09T07:56:03.035+00:00,81.001,378.493,99,23161.9,2685,65,measure
2026-09-09T07:56:04.034+00:00,82.001,376.728,99,23161.9,2685,68,measure
2026-09-09T07:56:05.034+00:00,83.001,377.849,99,23136.9,2685,68,measure
2026-09-09T07:56:06.035+00:00,84.001,378.642,99,23110.9,2685,67,measure
2026-09-09T07:56:07.035+00:00,85.001,373.024,99,23111.5,2685,65,measure
2026-09-09T07:56:08.035+00:00,86.002,372.789,99,23111.5,2685,64,measure
2026-09-09T07:56:09.035+00:00,87.001,374.772,99,23111.5,2685,66,measure
2026-09-09T07:56:10.037+00:00,88.000,372.995,99,23111.5,2685,65,measure
2026-09-09T07:56:11.035+00:00,89.000,370.586,99,23103.5,2685,66,measure
2026-09-09T07:56:12.038+00:00,90.004,357.049,99,23111.5,2685,66,measure
2026-09-09T07:56:13.036+00:00,91.001,363.814,99,23111.5,2685,66,measure
2026-09-09T07:56:14.035+00:00,92.000,371.395,99,23111.5,2685,68,measure
2026-09-09T07:56:15.039+00:00,93.004,364.899,99,23111.5,2685,68,measure
2026-09-09T07:56:16.036+00:00,94.001,384.728,99,23111.5,2685,65,measure
2026-09-09T07:56:17.035+00:00,95.001,376.55,99,23111.5,2685,68,measure
2026-09-09T07:56:18.038+00:00,96.003,377.66,99,23111.5,2685,67,measure
2026-09-09T07:56:19.038+00:00,97.003,375.31,99,23111.5,2685,68,measure
2026-09-09T07:56:20.035+00:00,98.001,370.699,99,23111.5,2685,67,measure
2026-09-09T07:56:21.034+00:00,99.001,379.208,99,23111.5,2685,69,measure
2026-09-09T07:56:22.034+00:00,100.000,365.81,99,23111.5,2685,65,measure
2026-09-09T07:56:22.384+00:00,101.000,372.839,99,23111.5,2685,65,measure
2026-09-09T07:56:23.384+00:00,102.000,361.765,99,23111.5,2685,66,measure
2026-09-09T07:56:24.385+00:00,103.000,321.047,99,23175,2685,64,measure
2026-09-09T07:56:25.386+00:00,104.000,342.013,99,23175,2685,63,measure
2026-09-09T07:56:26.385+00:00,105.000,356.842,99,23175,2685,65,measure
2026-09-09T07:56:27.386+00:00,106.000,358.323,99,23175,2685,65,measure
2026-09-09T07:56:28.385+00:00,107.000,342.499,99,23175,2685,64,measure
2026-09-09T07:56:29.384+00:00,108.000,325.141,99,23175,2685,65,measure
2026-09-09T07:56:30.384+00:00,109.000,319.458,99,23175,2685,64,measure
2026-09-09T07:56:31.384+00:00,110.000,328.423,99,23175,2685,64,measure
2026-09-09T07:56:32.384+00:00,111.000,369.687,99,23166.9,2685,66,measure
2026-09-09T07:56:33.384+00:00,112.000,370.919,99,23166.9,2685,68,measure
2026-09-09T07:56:34.384+00:00,113.000,378.734,99,23174.9,2685,67,measure
2026-09-09T07:56:35.385+00:00,114.000,377.547,99,23174.9,2685,65,measure
2026-09-09T07:56:36.387+00:00,115.000,378.059,99,23166.9,2685,65,measure
2026-09-09T07:56:37.385+00:00,116.000,376.88,99,23166.9,2685,67,measure
2026-09-09T07:56:38.385+00:00,117.000,376.942,99,23113,2685,68,measure
2026-09-09T07:56:39.385+00:00,118.000,383.711,99,23123.5,2685,68,measure
2026-09-09T07:56:40.384+00:00,119.000,371.282,99,23131.5,2685,68,measure
2026-09-09T07:56:41.384+00:00,120.000,378.461,99,23127.7,2685,67,measure
2026-09-09T07:56:42.384+00:00,121.000,374.408,99,23114.7,2685,68,measure
2026-09-09T07:56:43.385+00:00,122.000,372.259,99,23114.7,2685,66,measure
2026-09-09T07:56:44.384+00:00,123.000,378.857,99,23114.7,2685,68,measure
2026-09-09T07:56:45.384+00:00,124.000,365.05,99,23114.7,2685,65,measure
2026-09-09T07:56:46.384+00:00,125.000,363.016,99,23114.7,2685,65,measure
2026-09-09T07:56:47.384+00:00,126.000,366.159,99,23122.7,2685,65,measure
2026-09-09T07:56:48.384+00:00,127.000,361.838,99,23131.7,2685,65,measure
2026-09-09T07:56:49.384+00:00,128.000,360.862,99,23133.7,2685,66,measure
2026-09-09T07:56:50.384+00:00,129.000,384.284,99,23127.8,2685,65,measure
2026-09-09T07:56:51.384+00:00,130.000,362.361,99,23119.9,2685,66,measure
2026-09-09T07:56:52.385+00:00,131.000,362.074,99,23117.9,2685,67,measure
2026-09-09T07:56:53.384+00:00,132.000,365.244,99,23117.9,2685,65,measure
2026-09-09T07:56:54.384+00:00,133.000,361.613,99,23117.9,2685,65,measure
2026-09-09T07:56:54.702+00:00,134.000,337.58,99,23117.9,2685,63,measure
2026-09-09T07:56:55.702+00:00,135.000,351.202,99,23115.9,2685,67,measure
2026-09-09T07:56:56.742+00:00,136.000,320.427,99,23115.9,2685,62,measure
2026-09-09T07:56:57.703+00:00,137.000,351.05,99,23115.9,2685,66,measure
2026-09-09T07:56:58.702+00:00,138.000,365.861,99,23115.9,2685,66,measure
2026-09-09T07:56:59.704+00:00,139.000,373.22,99,23115.9,2685,66,measure
2026-09-09T07:57:00.702+00:00,140.000,375.019,99,23115.9,2685,65,measure
2026-09-09T07:57:01.702+00:00,141.000,361.466,99,23115.9,2685,67,measure
2026-09-09T07:57:02.703+00:00,142.000,381.947,99,23115.9,2685,69,measure
2026-09-09T07:57:03.703+00:00,143.000,380.924,99,23115.9,2685,67,measure
2026-09-09T07:57:04.702+00:00,144.000,388.02,99,23115.9,2685,67,measure
2026-09-09T07:57:05.704+00:00,145.000,385.317,99,23115.9,2685,68,measure
2026-09-09T07:57:06.703+00:00,146.000,396.157,99,23115.9,2685,68,measure
2026-09-09T07:57:07.703+00:00,147.000,392.098,99,23115.9,2685,68,measure
2026-09-09T07:57:08.702+00:00,148.000,390.855,99,23179.5,2685,67,measure
2026-09-09T07:57:09.702+00:00,149.000,395.796,99,23192.5,2685,69,measure
2026-09-09T07:57:10.702+00:00,150.000,395.532,99,23192.5,2685,68,measure
2026-09-09T07:57:11.702+00:00,151.000,393.559,99,23192.5,2685,68,measure
2026-09-09T07:57:12.702+00:00,152.000,383.323,99,23184.1,2685,66,measure
2026-09-09T07:57:13.702+00:00,153.000,384.953,99,23183.3,2685,67,measure
2026-09-09T07:57:14.702+00:00,154.000,376.202,99,23199.5,2685,67,measure
2026-09-09T07:57:15.702+00:00,155.000,376.281,99,23199.5,2685,68,measure
2026-09-09T07:57:16.702+00:00,156.000,384.894,99,23199.5,2685,68,measure
2026-09-09T07:57:17.704+00:00,157.000,372.836,99,23190.4,2685,67,measure
2026-09-09T07:57:18.704+00:00,158.000,376.6,99,23188.3,2685,67,measure
2026-09-09T07:57:19.703+00:00,159.000,383.106,99,23188.3,2685,68,measure
2026-09-09T07:57:20.705+00:00,160.000,373.56,99,23188.3,2685,66,measure
2026-09-09T07:57:21.703+00:00,161.000,373.647,99,23188.3,2685,69,measure
2026-09-09T07:57:22.703+00:00,162.000,382.952,99,23126.2,2685,68,measure
2026-09-09T07:57:23.702+00:00,163.000,377.819,99,23126.2,2685,68,measure
2026-09-09T07:57:24.703+00:00,164.000,378.301,99,23126.2,2685,68,measure
2026-09-09T07:57:25.702+00:00,165.000,381.9,99,23126.2,2685,66,measure
2026-09-09T07:57:26.049+00:00,166.000,377.111,99,23126.2,2685,66,measure
2026-09-09T07:57:27.043+00:00,167.000,371.976,99,23175.5,2685,67,measure
2026-09-09T07:57:28.045+00:00,168.000,375.885,99,23166.3,2685,66,measure
2026-09-09T07:57:29.044+00:00,169.000,376.331,99,23166.3,2685,68,measure
2026-09-09T07:57:30.043+00:00,170.000,378.777,99,23166.3,2685,67,measure
2026-09-09T07:57:31.045+00:00,171.000,378.269,99,23166.3,2685,68,measure
2026-09-09T07:57:32.043+00:00,172.000,379.805,99,23166.3,2685,69,measure
2026-09-09T07:57:33.043+00:00,173.000,374.22,99,23166.3,2685,68,measure
2026-09-09T07:57:34.043+00:00,174.000,360.866,99,23166.3,2685,66,measure
2026-09-09T07:57:35.044+00:00,175.000,356.524,99,23166.3,2685,65,measure
2026-09-09T07:57:36.044+00:00,176.001,330.529,99,23166.3,2685,65,measure
2026-09-09T07:57:37.044+00:00,177.000,330.25,99,23166.3,2685,66,measure
2026-09-09T07:57:38.044+00:00,178.001,324.015,99,23166.3,2685,64,measure
2026-09-09T07:57:39.045+00:00,179.001,319.232,99,23166.3,2685,64,measure
2026-09-09T07:57:40.045+00:00,180.000,322.309,99,23166.3,2685,63,measure
2026-09-09T07:57:41.046+00:00,181.001,325.579,99,23166.3,2685,65,measure
2026-09-09T07:57:42.046+00:00,182.001,310.739,99,23166.3,2685,62,measure
2026-09-09T07:57:43.043+00:00,183.000,327.616,99,23166.3,2685,65,measure
2026-09-09T07:57:44.044+00:00,184.000,330.954,99,23166.3,2685,67,measure
2026-09-09T07:57:45.043+00:00,185.000,366.028,99,23166.3,2685,67,measure
2026-09-09T07:57:46.045+00:00,186.000,364.575,99,23166.3,2685,66,measure
2026-09-09T07:57:47.044+00:00,187.000,378.618,99,23166.3,2685,67,measure
2026-09-09T07:57:48.044+00:00,188.000,369.931,99,23161.3,2685,65,measure
2026-09-09T07:57:49.046+00:00,189.000,373.023,99,23185.4,2685,66,measure
2026-09-09T07:57:50.044+00:00,190.001,377.524,99,23193.8,2685,67,measure
2026-09-09T07:57:51.043+00:00,191.000,378.604,99,23186.4,2685,69,measure
2026-09-09T07:57:52.043+00:00,192.000,377.455,99,23178.3,2685,68,measure
2026-09-09T07:57:53.044+00:00,193.000,385.566,99,23185,2685,67,measure
2026-09-09T07:57:54.043+00:00,194.000,376.147,99,23206.3,2685,65,measure
2026-09-09T07:57:55.043+00:00,195.000,366.195,99,23206.3,2685,66,measure
2026-09-09T07:57:56.045+00:00,196.000,371.48,99,23200.4,2685,68,measure
2026-09-09T07:57:57.045+00:00,197.000,360.064,99,23183.3,2685,66,measure
2026-09-09T07:57:57.412+00:00,198.000,378.627,99,23197.4,2685,67,measure
2026-09-09T07:57:58.412+00:00,199.000,368.933,99,23185.4,2685,67,measure
2026-09-09T07:57:59.411+00:00,200.000,370.733,99,23179.4,2685,68,measure
2026-09-09T07:58:00.413+00:00,201.000,379.869,99,23179.4,2685,68,measure
2026-09-09T07:58:01.411+00:00,202.000,372.224,99,23192.4,2685,66,measure
2026-09-09T07:58:02.411+00:00,203.000,381.798,99,23184.4,2685,66,measure
2026-09-09T07:58:03.414+00:00,204.000,372.753,99,23170,2685,66,measure
2026-09-09T07:58:04.411+00:00,205.000,366.729,99,23178.9,2685,67,measure
2026-09-09T07:58:05.412+00:00,206.000,367.529,99,23188.4,2685,67,measure
2026-09-09T07:58:06.411+00:00,207.000,355.736,99,23179.2,2685,66,measure
2026-09-09T07:58:07.411+00:00,208.000,358.74,99,23176.7,2685,68,measure
2026-09-09T07:58:08.413+00:00,209.000,355.882,99,23186.7,2685,64,measure
2026-09-09T07:58:09.411+00:00,210.000,359.169,99,23186.7,2685,66,measure
2026-09-09T07:58:10.411+00:00,211.000,367.959,99,23133.7,2685,66,measure
2026-09-09T07:58:11.414+00:00,212.000,364.891,99,23133.7,2685,65,measure
2026-09-09T07:58:12.413+00:00,213.000,363.84,99,23134.7,2685,66,measure
2026-09-09T07:58:13.411+00:00,214.000,362.224,99,23147.9,2685,65,measure
2026-09-09T07:58:14.411+00:00,215.000,378.16,99,23151.2,2685,66,measure
2026-09-09T07:58:15.411+00:00,216.000,365.756,99,23151.2,2685,67,measure
2026-09-09T07:58:16.412+00:00,217.000,378.007,99,23151.8,2685,68,measure
2026-09-09T07:58:17.413+00:00,218.000,361.154,99,23137.8,2685,65,measure
2026-09-09T07:58:18.411+00:00,219.000,366.324,99,23137.8,2685,65,measure
2026-09-09T07:58:19.411+00:00,220.000,358.632,99,23074.3,2685,65,measure
2026-09-09T07:58:20.411+00:00,221.000,359.514,99,23074.3,2685,64,measure
2026-09-09T07:58:21.412+00:00,222.000,375.102,99,23075.3,2685,65,measure
2026-09-09T07:58:22.413+00:00,223.001,380.729,99,23149.4,2685,68,measure
2026-09-09T07:58:23.412+00:00,224.000,379.078,99,23141.9,2685,68,measure
2026-09-09T07:58:24.411+00:00,225.000,398.433,99,23141.9,2685,68,measure
2026-09-09T07:58:25.412+00:00,226.000,391.855,99,23141.9,2685,67,measure
2026-09-09T07:58:26.411+00:00,227.000,391.337,99,23130.9,2685,68,measure
2026-09-09T07:58:27.411+00:00,228.000,385.073,99,23103.4,2685,68,measure
2026-09-09T07:58:28.411+00:00,229.000,375.768,99,23096.4,2685,67,measure
2026-09-09T07:58:28.801+00:00,230.001,371.485,99,23096.4,2685,68,measure
2026-09-09T07:58:29.801+00:00,231.000,380.134,99,23096.4,2685,67,measure
2026-09-09T07:58:30.802+00:00,232.000,364.63,99,23149.3,2685,66,measure
2026-09-09T07:58:31.804+00:00,233.000,372.441,99,23141.9,2685,66,measure
2026-09-09T07:58:32.804+00:00,234.000,385.348,99,23141.9,2685,67,measure
2026-09-09T07:58:33.802+00:00,235.000,381.476,99,23141.9,2685,68,measure
2026-09-09T07:58:34.802+00:00,236.000,370.08,99,23141.9,2685,67,measure
2026-09-09T07:58:35.802+00:00,237.000,367.131,99,23141.9,2685,67,measure
2026-09-09T07:58:36.802+00:00,238.000,368.767,99,23141.9,2685,65,measure
2026-09-09T07:58:37.802+00:00,239.000,373.899,99,23141.9,2685,65,measure
2026-09-09T07:58:38.803+00:00,240.001,354.203,99,23141.9,2685,65,measure
2026-09-09T07:58:39.804+00:00,241.000,361.854,99,23141.9,2685,66,measure
2026-09-09T07:58:40.805+00:00,242.000,329.555,99,23141.9,2685,64,measure
2026-09-09T07:58:41.804+00:00,243.000,345.866,99,23141.9,2685,66,measure
2026-09-09T07:58:42.804+00:00,244.000,368.951,99,23141.9,2685,65,measure
2026-09-09T07:58:43.803+00:00,245.001,364.239,99,23141.9,2685,66,measure
2026-09-09T07:58:44.803+00:00,246.000,385.115,99,23141.9,2685,68,measure
2026-09-09T07:58:45.804+00:00,247.000,386.911,99,23141.9,2685,68,measure
2026-09-09T07:58:46.803+00:00,248.000,382.63,99,23141.9,2685,67,measure
2026-09-09T07:58:47.802+00:00,249.000,383.339,99,23141.9,2685,68,measure
2026-09-09T07:58:48.803+00:00,250.000,373.408,99,23141.9,2685,65,measure
2026-09-09T07:58:49.802+00:00,251.000,388.89,99,23141.9,2685,66,measure
2026-09-09T07:58:50.803+00:00,252.000,385.683,99,23141.9,2685,68,measure
2026-09-09T07:58:51.803+00:00,253.000,387.954,99,23141.9,2685,67,measure
2026-09-09T07:58:52.802+00:00,254.000,380.42,99,23141.9,2685,66,measure
2026-09-09T07:58:53.803+00:00,255.000,370.341,99,23141.9,2685,67,measure
2026-09-09T07:58:54.803+00:00,256.000,384.66,99,23141.9,2685,67,measure
2026-09-09T07:58:55.804+00:00,257.000,376.212,99,23141.9,2685,66,measure
2026-09-09T07:58:56.803+00:00,258.000,373.449,99,23141.9,2685,68,measure
2026-09-09T07:58:57.803+00:00,259.000,382.696,99,23141.9,2685,67,measure
2026-09-09T07:58:58.803+00:00,260.000,372.97,99,23141.9,2685,67,measure
2026-09-09T07:58:59.803+00:00,261.000,364.434,99,23141.9,2685,66,measure
2026-09-09T07:59:00.803+00:00,262.000,367.667,99,23141.9,2685,67,measure
2026-09-09T07:59:01.143+00:00,263.000,369.914,99,23141.9,2685,66,measure
2026-09-09T07:59:02.146+00:00,264.001,373.566,99,23141.9,2685,66,measure
2026-09-09T07:59:03.145+00:00,265.000,368.272,99,23141.9,2685,65,measure
2026-09-09T07:59:04.145+00:00,266.000,374.241,99,23141.9,2685,68,measure
2026-09-09T07:59:05.145+00:00,267.000,382.601,99,23141.9,2685,66,measure
2026-09-09T07:59:06.145+00:00,268.000,382.122,99,23141.9,2685,66,measure
2026-09-09T07:59:07.145+00:00,269.000,373.18,99,23141.9,2685,67,measure
2026-09-09T07:59:08.145+00:00,270.000,383.986,99,23141.9,2685,66,measure
2026-09-09T07:59:09.145+00:00,271.000,373.64,99,23141.9,2685,66,measure
2026-09-09T07:59:10.143+00:00,272.000,361.248,99,23141.9,2685,66,measure
2026-09-09T07:59:11.145+00:00,273.000,364.6,99,23141.9,2685,67,measure
2026-09-09T07:59:12.145+00:00,274.000,372.367,99,23141.9,2685,67,measure
2026-09-09T07:59:13.145+00:00,275.000,379.397,99,23141.9,2685,68,measure
2026-09-09T07:59:14.145+00:00,276.000,378.876,99,23141.9,2685,68,measure
2026-09-09T07:59:15.145+00:00,277.000,388.402,99,23141.9,2685,69,measure
2026-09-09T07:59:16.145+00:00,278.000,370.139,99,23141.9,2685,67,measure
2026-09-09T07:59:17.145+00:00,279.000,375.345,99,23141.9,2685,67,measure
2026-09-09T07:59:18.145+00:00,280.000,373.986,99,23141.9,2685,69,measure
2026-09-09T07:59:19.145+00:00,281.000,382.458,99,23141.9,2685,67,measure
2026-09-09T07:59:20.145+00:00,282.000,373.449,99,23141.9,2685,66,measure
2026-09-09T07:59:21.145+00:00,283.000,376.033,99,23141.9,2685,66,measure
2026-09-09T07:59:22.145+00:00,284.000,362.474,99,23141.9,2685,65,measure
2026-09-09T07:59:23.144+00:00,285.000,366.896,99,23141.9,2685,67,measure
2026-09-09T07:59:24.145+00:00,286.000,361.394,99,23141.9,2685,66,measure
2026-09-09T07:59:25.145+00:00,287.001,370.756,99,23141.9,2685,67,measure
2026-09-09T07:59:26.144+00:00,288.001,370.026,99,23141.9,2685,66,measure
2026-09-09T07:59:27.145+00:00,289.000,363.048,99,23141.9,2685,67,measure
2026-09-09T07:59:28.144+00:00,290.000,360.139,99,23141.9,2685,65,measure
2026-09-09T07:59:29.145+00:00,291.001,364.383,99,23141.9,2685,66,measure
2026-09-09T07:59:30.144+00:00,292.000,360.389,99,23141.9,2685,66,measure
2026-09-09T07:59:31.144+00:00,293.001,360.692,99,23141.9,2685,67,measure
2026-09-09T07:59:32.146+00:00,294.001,370.688,99,23141.9,2685,67,measure
2026-09-09T07:59:32.488+00:00,295.000,365.286,99,23141.9,2685,66,measure
2026-09-09T07:59:33.488+00:00,296.000,382.439,99,23141.9,2685,67,measure
2026-09-09T07:59:34.489+00:00,297.000,382.935,99,23141.9,2685,66,measure
2026-09-09T07:59:35.488+00:00,298.000,375.195,99,23141.9,2685,66,measure
2026-09-09T07:59:36.489+00:00,299.000,377.315,99,23141.9,2685,65,measure
2026-09-09T07:59:37.489+00:00,300.000,383.865,99,23141.9,2685,68,measure
2026-09-09T07:59:38.487+00:00,301.000,379.008,99,23141.9,2685,66,measure
2026-09-09T07:59:39.489+00:00,302.000,373.225,99,23141.9,2685,65,measure
2026-09-09T07:59:40.488+00:00,303.001,372.038,99,23141.9,2685,68,measure
2026-09-09T07:59:41.489+00:00,304.000,362.941,99,23141.9,2685,66,measure
2026-09-09T07:59:42.488+00:00,305.000,361.816,99,23210.9,2685,67,measure
2026-09-09T07:59:43.487+00:00,306.000,372.36,99,23168.2,2685,68,measure
2026-09-09T07:59:44.492+00:00,307.005,356.572,99,23158.2,2685,64,measure
2026-09-09T07:59:45.487+00:00,308.000,294.756,99,23158.8,2685,61,measure
2026-09-09T07:59:46.489+00:00,309.000,221.612,30,23158.8,2700,59,measure
2026-09-09T07:59:47.487+00:00,310.000,77.305,2,23169,2700,53,measure
2026-09-09T07:59:48.488+00:00,311.001,65.638,5,23189,720,52,measure
2026-09-09T07:59:49.488+00:00,312.000,36.029,0,23189,465,51,measure
2026-09-09T07:59:50.488+00:00,313.000,35.333,1,23189,330,50,measure
2026-09-09T07:59:51.496+00:00,314.000,34.344,0,23189,240,50,measure
2026-09-09T07:59:52.489+00:00,315.000,30.442,0,23189,210,49,measure
2026-09-09T07:59:53.488+00:00,316.000,24.664,0,23189,210,49,measure
2026-09-09T07:59:54.489+00:00,317.001,20.705,0,23189,210,49,measure
2026-09-09T07:59:55.489+00:00,318.001,17.733,0,23189,210,48,measure
2026-09-09T07:59:56.489+00:00,319.000,17.231,4,23178.9,225,48,measure
2026-09-09T07:59:57.489+00:00,320.002,16.736,7,23159.8,240,48,measure
2026-09-09T07:59:58.489+00:00,321.002,16.748,6,23096.9,225,48,measure
2026-09-09T07:59:59.489+00:00,322.001,16.507,5,23096.3,225,47,measure
2026-09-09T08:00:00.488+00:00,323.000,16.42,6,23096.3,240,47,measure
2026-09-09T08:00:01.498+00:00,324.001,16.9,8,23114.7,270,47,measure
2026-09-09T08:00:02.489+00:00,325.000,16.405,1,23114.7,240,47,measure
2026-09-09T08:00:03.489+00:00,326.000,15.719,1,23114.7,210,47,measure
2026-09-09T08:00:03.837+00:00,327.000,15.097,0,23114.7,210,46,measure
2026-09-09T08:00:04.836+00:00,328.000,15.303,0,23114.7,210,46,measure
2026-09-09T08:00:05.835+00:00,329.000,15.546,0,23114.7,210,46,measure
2026-09-09T08:00:06.839+00:00,330.005,16.065,0,23114.7,210,46,measure
2026-09-09T08:00:07.835+00:00,331.001,15.7,0,23114.7,210,46,measure
2026-09-09T08:00:08.835+00:00,332.000,15.826,1,23114.7,210,45,measure
2026-09-09T08:00:09.835+00:00,333.002,16.254,5,23095.4,225,45,measure
2026-09-09T08:00:10.843+00:00,334.004,16.387,9,23166.6,285,45,measure
2026-09-09T08:00:11.835+00:00,335.000,16.385,1,23187.4,255,45,measure
2026-09-09T08:00:12.835+00:00,336.000,16.155,5,23187.4,225,45,measure
2026-09-09T08:00:13.837+00:00,337.000,15.153,0,23187.4,210,45,measure
2026-09-09T08:00:14.834+00:00,338.000,15.058,0,23187.4,210,45,measure
2026-09-09T08:00:15.835+00:00,339.000,15.621,0,23187.4,210,44,measure
2026-09-09T08:00:16.833+00:00,340.000,15.61,0,23187.4,210,44,measure
2026-09-09T08:00:17.836+00:00,341.000,15.433,0,23187.4,210,44,measure
2026-09-09T08:00:18.834+00:00,342.000,15.676,0,23187.4,210,44,measure
2026-09-09T08:00:19.835+00:00,343.000,15.605,3,23178.4,210,44,measure
2026-09-09T08:00:20.844+00:00,344.000,16.164,1,23191.7,240,44,measure
2026-09-09T08:00:21.834+00:00,345.000,15.731,0,23191.7,210,44,measure
2026-09-09T08:00:22.834+00:00,346.000,15.503,1,23191.7,210,44,measure
2026-09-09T08:00:23.836+00:00,347.000,14.942,0,23186.4,210,44,measure
2026-09-09T08:00:24.835+00:00,348.000,15.078,4,23187.3,225,43,measure
2026-09-09T08:00:25.834+00:00,349.000,14.947,0,23176.8,210,43,measure
2026-09-09T08:00:26.835+00:00,350.000,15.449,0,23177,225,43,measure
2026-09-09T08:00:27.836+00:00,351.002,15.235,4,23187,210,43,measure
2026-09-09T08:00:28.835+00:00,352.002,15.231,0,23184.2,210,43,measure
2026-09-09T08:00:29.835+00:00,353.001,15.512,6,23181.9,240,43,measure
