run_id,date,gpu_class,precision,admission,specdec,traffic,seed,status,evidence_path
w2/awq/closed-loop/seed-1/cl-conc-1,2026-09-09,"RTX 4090 24 GB (WSL2, desktop-shared)",awq,direct,none,closed_loop c=1,1,clean,evidence/raw/w2/awq/closed-loop/seed-1/cl-conc-1
w2/awq/closed-loop/seed-1/cl-conc-128,2026-09-09,"RTX 4090 24 GB (WSL2, desktop-shared)",awq,direct,none,closed_loop c=128,1,clean,evidence/raw/w2/awq/closed-loop/seed-1/cl-conc-128
w2/awq/closed-loop/seed-1/cl-conc-16,2026-09-09,"RTX 4090 24 GB (WSL2, desktop-shared)",awq,direct,none,closed_loop c=16,1,clean,evidence/raw/w2/awq/closed-loop/seed-1/cl-conc-16
w2/awq/closed-loop/seed-1/cl-conc-192,2026-09-09,"RTX 4090 24 GB (WSL2, desktop-shared)",awq,direct,none,closed_loop c=192,1,clean,evidence/raw/w2/awq/closed-loop/seed-1/cl-conc-192
w2/awq/closed-loop/seed-1/cl-conc-2,2026-09-09,"RTX 4090 24 GB (WSL2, desktop-shared)",awq,direct,none,closed_loop c=2,1,clean,evidence/raw/w2/awq/closed-loop/seed-1/cl-conc-2
w2/awq/closed-loop/seed-1/cl-conc-256,2026-09-09,"RTX 4090 24 GB (WSL2, desktop-shared)",awq,direct,none,closed_loop c=256,1,clean,evidence/raw/w2/awq/closed-loop/seed-1/cl-conc-256
w2/awq/closed-loop/seed-1/cl-conc-32,2026-09-09,"RTX 4090 24 GB (WSL2, desktop-shared)",awq,direct,none,closed_loop c=32,1,clean,evidence/raw/w2/awq/closed-loop/seed-1/cl-conc-32
w2/awq/closed-loop/seed-1/cl-conc-4,2026-09-09,"RTX 4090 24 GB (WSL2, desktop-shared)",awq,direct,none,closed_loop c=4,1,clean,evidence/raw/w2/awq/closed-loop/seed-1/cl-conc-4
w2/awq/closed-loop/seed-1/cl-conc-64,2026-09-09,"RTX 4090 24 GB (WSL2, desktop-shared)",awq,direct,none,closed_loop c=64,1,clean,evidence/raw/w2/awq/closed-loop/seed-1/cl-conc-64
w2/awq/closed-loop/seed-1/cl-conc-8,2026-09-09,"RTX 4090 24 GB (WSL2, desktop-shared)",awq,direct,none,closed_loop c=8,1,clean,evidence/raw/w2/awq/closed-loop/seed-1/cl-conc-8
w2/awq/closed-loop/seed-1/cl-conc-96,2026-09-09,"RTX 4090 24 GB (WSL2, desktop-shared)",awq,direct,none,closed_loop c=96,1,clean,evidence/raw/w2/awq/closed-loop/seed-1/cl-conc-96
w2/awq/open-loop/seed-1/ol-rate-15.07,2026-09-09,"RTX 4090 24 GB (WSL2, desktop-shared)",awq,direct,none,open_loop 15.07 rps,1,clean,evidence/raw/w2/awq/open-loop/seed-1/ol-rate-15.07
w2/awq/open-loop/seed-1/ol-rate-16.58,2026-09-09,"RTX 4090 24 GB (WSL2, desktop-shared)",awq,direct,none,open_loop 16.58 rps,1,clean,evidence/raw/w2/awq/open-loop/seed-1/ol-rate-16.58
w2/awq/open-loop/seed-1/ol-rate-18.09,2026-09-09,"RTX 4090 24 GB (WSL2, desktop-shared)",awq,direct,none,open_loop 18.09 rps,1,clean,evidence/raw/w2/awq/open-loop/seed-1/ol-rate-18.09
w2/awq/open-loop/seed-1/ol-rate-19.60,2026-09-09,"RTX 4090 24 GB (WSL2, desktop-shared)",awq,direct,none,open_loop 19.6 rps,1,clean,evidence/raw/w2/awq/open-loop/seed-1/ol-rate-19.60
w2/awq/open-loop/seed-1/ol-rate-21.10,2026-09-09,"RTX 4090 24 GB (WSL2, desktop-shared)",awq,direct,none,open_loop 21.1 rps,1,clean,evidence/raw/w2/awq/open-loop/seed-1/ol-rate-21.10
w2/awq/open-loop/seed-1/ol-rate-22.61,2026-09-09,"RTX 4090 24 GB (WSL2, desktop-shared)",awq,direct,none,open_loop 22.61 rps,1,clean,evidence/raw/w2/awq/open-loop/seed-1/ol-rate-22.61
w2/awq/open-loop/seed-1/ol-rate-24.12,2026-09-10,"RTX 4090 24 GB (WSL2, desktop-shared)",awq,direct,none,open_loop 24.12 rps,1,clean,evidence/raw/w2/awq/open-loop/seed-1/ol-rate-24.12
w2/awq/open-loop/seed-1/ol-rate-25.63,2026-09-10,"RTX 4090 24 GB (WSL2, desktop-shared)",awq,direct,none,open_loop 25.63 rps,1,clean,evidence/raw/w2/awq/open-loop/seed-1/ol-rate-25.63
w2/awq/open-loop/seed-1/ol-rate-27.13,2026-09-10,"RTX 4090 24 GB (WSL2, desktop-shared)",awq,direct,none,open_loop 27.13 rps,1,clean,evidence/raw/w2/awq/open-loop/seed-1/ol-rate-27.13
w2/awq/open-loop/seed-1/ol-rate-30.15,2026-09-09,"RTX 4090 24 GB (WSL2, desktop-shared)",awq,direct,none,open_loop 30.15 rps,1,clean,evidence/raw/w2/awq/open-loop/seed-1/ol-rate-30.15
w2/awq/open-loop/seed-1/ol-rate-37.69,2026-09-09,"RTX 4090 24 GB (WSL2, desktop-shared)",awq,direct,none,open_loop 37.69 rps,1,clean,evidence/raw/w2/awq/open-loop/seed-1/ol-rate-37.69
w2/awq/open-loop/seed-1/ol-rate-45.22,2026-09-09,"RTX 4090 24 GB (WSL2, desktop-shared)",awq,direct,none,open_loop 45.22 rps,1,clean,evidence/raw/w2/awq/open-loop/seed-1/ol-rate-45.22
w2/awq/open-loop/seed-1/ol-rate-60.30,2026-09-09,"RTX 4090 24 GB (WSL2, desktop-shared)",awq,direct,none,open_loop 60.3 rps,1,clean,evidence/raw/w2/awq/open-loop/seed-1/ol-rate-60.30
w2/awq/open-loop/seed-1/ol-rate-7.54,2026-09-09,"RTX 4090 24 GB (WSL2, desktop-shared)",awq,direct,none,open_loop 7.54 rps,1,clean,evidence/raw/w2/awq/open-loop/seed-1/ol-rate-7.54
w2/awq/open-loop/seed-2/ol-rate-15.07,2026-09-09,"RTX 4090 24 GB (WSL2, desktop-shared)",awq,direct,none,open_loop 15.07 rps,2,clean,evidence/raw/w2/awq/open-loop/seed-2/ol-rate-15.07
w2/awq/open-loop/seed-2/ol-rate-16.58,2026-09-09,"RTX 4090 24 GB (WSL2, desktop-shared)",awq,direct,none,open_loop 16.58 rps,2,clean,evidence/raw/w2/awq/open-loop/seed-2/ol-rate-16.58
w2/awq/open-loop/seed-2/ol-rate-18.09,2026-09-09,"RTX 4090 24 GB (WSL2, desktop-shared)",awq,direct,none,open_loop 18.09 rps,2,clean,evidence/raw/w2/awq/open-loop/seed-2/ol-rate-18.09
w2/awq/open-loop/seed-2/ol-rate-19.60,2026-09-09,"RTX 4090 24 GB (WSL2, desktop-shared)",awq,direct,none,open_loop 19.6 rps,2,clean,evidence/raw/w2/awq/open-loop/seed-2/ol-rate-19.60
w2/awq/open-loop/seed-2/ol-rate-21.10,2026-09-09,"RTX 4090 24 GB (WSL2, desktop-shared)",awq,direct,none,open_loop 21.1 rps,2,clean,evidence/raw/w2/awq/open-loop/seed-2/ol-rate-21.10
w2/awq/open-loop/seed-2/ol-rate-22.61,2026-09-09,"RTX 4090 24 GB (WSL2, desktop-shared)",awq,direct,none,open_loop 22.61 rps,2,clean,evidence/raw/w2/awq/open-loop/seed-2/ol-rate-22.61
w2/awq/open-loop/seed-2/ol-rate-24.12,2026-09-10,"RTX 4090 24 GB (WSL2, desktop-shared)",awq,direct,none,open_loop 24.12 rps,2,clean,evidence/raw/w2/awq/open-loop/seed-2/ol-rate-24.12
w2/awq/open-loop/seed-2/ol-rate-25.63,2026-09-10,"RTX 4090 24 GB (WSL2, desktop-shared)",awq,direct,none,open_loop 25.63 rps,2,clean,evidence/raw/w2/awq/open-loop/seed-2/ol-rate-25.63
w2/awq/open-loop/seed-2/ol-rate-27.13,2026-09-10,"RTX 4090 24 GB (WSL2, desktop-shared)",awq,direct,none,open_loop 27.13 rps,2,clean,evidence/raw/w2/awq/open-loop/seed-2/ol-rate-27.13
w2/awq/open-loop/seed-2/ol-rate-30.15,2026-09-09,"RTX 4090 24 GB (WSL2, desktop-shared)",awq,direct,none,open_loop 30.15 rps,2,clean,evidence/raw/w2/awq/open-loop/seed-2/ol-rate-30.15
w2/awq/open-loop/seed-2/ol-rate-37.69,2026-09-09,"RTX 4090 24 GB (WSL2, desktop-shared)",awq,direct,none,open_loop 37.69 rps,2,clean,evidence/raw/w2/awq/open-loop/seed-2/ol-rate-37.69
w2/awq/open-loop/seed-2/ol-rate-45.22,2026-09-09,"RTX 4090 24 GB (WSL2, desktop-shared)",awq,direct,none,open_loop 45.22 rps,2,clean,evidence/raw/w2/awq/open-loop/seed-2/ol-rate-45.22
w2/awq/open-loop/seed-2/ol-rate-60.30,2026-09-09,"RTX 4090 24 GB (WSL2, desktop-shared)",awq,direct,none,open_loop 60.3 rps,2,clean,evidence/raw/w2/awq/open-loop/seed-2/ol-rate-60.30
w2/awq/open-loop/seed-2/ol-rate-7.54,2026-09-09,"RTX 4090 24 GB (WSL2, desktop-shared)",awq,direct,none,open_loop 7.54 rps,2,clean,evidence/raw/w2/awq/open-loop/seed-2/ol-rate-7.54
w2/awq/open-loop/seed-3/ol-rate-15.07,2026-09-10,"RTX 4090 24 GB (WSL2, desktop-shared)",awq,direct,none,open_loop 15.07 rps,3,clean,evidence/raw/w2/awq/open-loop/seed-3/ol-rate-15.07
w2/awq/open-loop/seed-3/ol-rate-16.58,2026-09-10,"RTX 4090 24 GB (WSL2, desktop-shared)",awq,direct,none,open_loop 16.58 rps,3,clean,evidence/raw/w2/awq/open-loop/seed-3/ol-rate-16.58
w2/awq/open-loop/seed-3/ol-rate-18.09,2026-09-10,"RTX 4090 24 GB (WSL2, desktop-shared)",awq,direct,none,open_loop 18.09 rps,3,clean,evidence/raw/w2/awq/open-loop/seed-3/ol-rate-18.09
w2/awq/open-loop/seed-3/ol-rate-19.60,2026-09-10,"RTX 4090 24 GB (WSL2, desktop-shared)",awq,direct,none,open_loop 19.6 rps,3,clean,evidence/raw/w2/awq/open-loop/seed-3/ol-rate-19.60
w2/awq/open-loop/seed-3/ol-rate-21.10,2026-09-10,"RTX 4090 24 GB (WSL2, desktop-shared)",awq,direct,none,open_loop 21.1 rps,3,clean,evidence/raw/w2/awq/open-loop/seed-3/ol-rate-21.10
w2/awq/open-loop/seed-3/ol-rate-22.61,2026-09-10,"RTX 4090 24 GB (WSL2, desktop-shared)",awq,direct,none,open_loop 22.61 rps,3,clean,evidence/raw/w2/awq/open-loop/seed-3/ol-rate-22.61
w2/awq/open-loop/seed-3/ol-rate-24.12,2026-09-10,"RTX 4090 24 GB (WSL2, desktop-shared)",awq,direct,none,open_loop 24.12 rps,3,clean,evidence/raw/w2/awq/open-loop/seed-3/ol-rate-24.12
w2/awq/open-loop/seed-3/ol-rate-25.63,2026-09-10,"RTX 4090 24 GB (WSL2, desktop-shared)",awq,direct,none,open_loop 25.63 rps,3,clean,evidence/raw/w2/awq/open-loop/seed-3/ol-rate-25.63
w2/awq/open-loop/seed-3/ol-rate-27.13,2026-09-10,"RTX 4090 24 GB (WSL2, desktop-shared)",awq,direct,none,open_loop 27.13 rps,3,clean,evidence/raw/w2/awq/open-loop/seed-3/ol-rate-27.13
w2/awq/open-loop/seed-3/ol-rate-30.15,2026-09-10,"RTX 4090 24 GB (WSL2, desktop-shared)",awq,direct,none,open_loop 30.15 rps,3,clean,evidence/raw/w2/awq/open-loop/seed-3/ol-rate-30.15
w2/awq/open-loop/seed-3/ol-rate-37.69,2026-09-10,"RTX 4090 24 GB (WSL2, desktop-shared)",awq,direct,none,open_loop 37.69 rps,3,clean,evidence/raw/w2/awq/open-loop/seed-3/ol-rate-37.69
w2/awq/open-loop/seed-3/ol-rate-45.22,2026-09-10,"RTX 4090 24 GB (WSL2, desktop-shared)",awq,direct,none,open_loop 45.22 rps,3,clean,evidence/raw/w2/awq/open-loop/seed-3/ol-rate-45.22
w2/awq/open-loop/seed-3/ol-rate-60.30,2026-09-10,"RTX 4090 24 GB (WSL2, desktop-shared)",awq,direct,none,open_loop 60.3 rps,3,clean,evidence/raw/w2/awq/open-loop/seed-3/ol-rate-60.30
w2/awq/open-loop/seed-3/ol-rate-7.54,2026-09-09,"RTX 4090 24 GB (WSL2, desktop-shared)",awq,direct,none,open_loop 7.54 rps,3,clean,evidence/raw/w2/awq/open-loop/seed-3/ol-rate-7.54
w2/bf16/closed-loop/seed-1/cl-conc-1,2026-09-10,"RTX 4090 24 GB (WSL2, desktop-shared)",bf16,direct,none,closed_loop c=1,1,clean,evidence/raw/w2/bf16/closed-loop/seed-1/cl-conc-1
w2/bf16/closed-loop/seed-1/cl-conc-16,2026-09-10,"RTX 4090 24 GB (WSL2, desktop-shared)",bf16,direct,none,closed_loop c=16,1,clean,evidence/raw/w2/bf16/closed-loop/seed-1/cl-conc-16
w2/bf16/closed-loop/seed-1/cl-conc-2,2026-09-10,"RTX 4090 24 GB (WSL2, desktop-shared)",bf16,direct,none,closed_loop c=2,1,clean,evidence/raw/w2/bf16/closed-loop/seed-1/cl-conc-2
w2/bf16/closed-loop/seed-1/cl-conc-24,2026-09-10,"RTX 4090 24 GB (WSL2, desktop-shared)",bf16,direct,none,closed_loop c=24,1,clean,evidence/raw/w2/bf16/closed-loop/seed-1/cl-conc-24
w2/bf16/closed-loop/seed-1/cl-conc-32,2026-09-10,"RTX 4090 24 GB (WSL2, desktop-shared)",bf16,direct,none,closed_loop c=32,1,clean,evidence/raw/w2/bf16/closed-loop/seed-1/cl-conc-32
w2/bf16/closed-loop/seed-1/cl-conc-4,2026-09-10,"RTX 4090 24 GB (WSL2, desktop-shared)",bf16,direct,none,closed_loop c=4,1,clean,evidence/raw/w2/bf16/closed-loop/seed-1/cl-conc-4
w2/bf16/closed-loop/seed-1/cl-conc-40,2026-09-10,"RTX 4090 24 GB (WSL2, desktop-shared)",bf16,direct,none,closed_loop c=40,1,clean,evidence/raw/w2/bf16/closed-loop/seed-1/cl-conc-40
w2/bf16/closed-loop/seed-1/cl-conc-8,2026-09-10,"RTX 4090 24 GB (WSL2, desktop-shared)",bf16,direct,none,closed_loop c=8,1,clean,evidence/raw/w2/bf16/closed-loop/seed-1/cl-conc-8
w2/bf16/open-loop/seed-1/ol-rate-10.26,2026-09-10,"RTX 4090 24 GB (WSL2, desktop-shared)",bf16,direct,none,open_loop 10.26 rps,1,clean,evidence/raw/w2/bf16/open-loop/seed-1/ol-rate-10.26
w2/bf16/open-loop/seed-1/ol-rate-11.40,2026-09-10,"RTX 4090 24 GB (WSL2, desktop-shared)",bf16,direct,none,open_loop 11.4 rps,1,clean,evidence/raw/w2/bf16/open-loop/seed-1/ol-rate-11.40
w2/bf16/open-loop/seed-1/ol-rate-14.25,2026-09-10,"RTX 4090 24 GB (WSL2, desktop-shared)",bf16,direct,none,open_loop 14.25 rps,1,clean,evidence/raw/w2/bf16/open-loop/seed-1/ol-rate-14.25
w2/bf16/open-loop/seed-1/ol-rate-17.10,2026-09-10,"RTX 4090 24 GB (WSL2, desktop-shared)",bf16,direct,none,open_loop 17.1 rps,1,clean,evidence/raw/w2/bf16/open-loop/seed-1/ol-rate-17.10
w2/bf16/open-loop/seed-1/ol-rate-2.85,2026-09-10,"RTX 4090 24 GB (WSL2, desktop-shared)",bf16,direct,none,open_loop 2.85 rps,1,clean,evidence/raw/w2/bf16/open-loop/seed-1/ol-rate-2.85
w2/bf16/open-loop/seed-1/ol-rate-22.80,2026-09-10,"RTX 4090 24 GB (WSL2, desktop-shared)",bf16,direct,none,open_loop 22.8 rps,1,clean,evidence/raw/w2/bf16/open-loop/seed-1/ol-rate-22.80
w2/bf16/open-loop/seed-1/ol-rate-5.70,2026-09-10,"RTX 4090 24 GB (WSL2, desktop-shared)",bf16,direct,none,open_loop 5.7 rps,1,clean,evidence/raw/w2/bf16/open-loop/seed-1/ol-rate-5.70
w2/bf16/open-loop/seed-1/ol-rate-6.27,2026-09-10,"RTX 4090 24 GB (WSL2, desktop-shared)",bf16,direct,none,open_loop 6.27 rps,1,clean,evidence/raw/w2/bf16/open-loop/seed-1/ol-rate-6.27
w2/bf16/open-loop/seed-1/ol-rate-6.84,2026-09-10,"RTX 4090 24 GB (WSL2, desktop-shared)",bf16,direct,none,open_loop 6.84 rps,1,clean,evidence/raw/w2/bf16/open-loop/seed-1/ol-rate-6.84
w2/bf16/open-loop/seed-1/ol-rate-7.41,2026-09-10,"RTX 4090 24 GB (WSL2, desktop-shared)",bf16,direct,none,open_loop 7.41 rps,1,clean,evidence/raw/w2/bf16/open-loop/seed-1/ol-rate-7.41
w2/bf16/open-loop/seed-1/ol-rate-7.98,2026-09-10,"RTX 4090 24 GB (WSL2, desktop-shared)",bf16,direct,none,open_loop 7.98 rps,1,clean,evidence/raw/w2/bf16/open-loop/seed-1/ol-rate-7.98
w2/bf16/open-loop/seed-1/ol-rate-8.55,2026-09-10,"RTX 4090 24 GB (WSL2, desktop-shared)",bf16,direct,none,open_loop 8.55 rps,1,clean,evidence/raw/w2/bf16/open-loop/seed-1/ol-rate-8.55
w2/bf16/open-loop/seed-1/ol-rate-9.12,2026-09-10,"RTX 4090 24 GB (WSL2, desktop-shared)",bf16,direct,none,open_loop 9.12 rps,1,clean,evidence/raw/w2/bf16/open-loop/seed-1/ol-rate-9.12
w2/bf16/open-loop/seed-1/ol-rate-9.69,2026-09-10,"RTX 4090 24 GB (WSL2, desktop-shared)",bf16,direct,none,open_loop 9.69 rps,1,clean,evidence/raw/w2/bf16/open-loop/seed-1/ol-rate-9.69
w2/bf16/open-loop/seed-2/ol-rate-10.26,2026-09-10,"RTX 4090 24 GB (WSL2, desktop-shared)",bf16,direct,none,open_loop 10.26 rps,2,clean,evidence/raw/w2/bf16/open-loop/seed-2/ol-rate-10.26
w2/bf16/open-loop/seed-2/ol-rate-11.40,2026-09-10,"RTX 4090 24 GB (WSL2, desktop-shared)",bf16,direct,none,open_loop 11.4 rps,2,clean,evidence/raw/w2/bf16/open-loop/seed-2/ol-rate-11.40
w2/bf16/open-loop/seed-2/ol-rate-14.25,2026-09-10,"RTX 4090 24 GB (WSL2, desktop-shared)",bf16,direct,none,open_loop 14.25 rps,2,clean,evidence/raw/w2/bf16/open-loop/seed-2/ol-rate-14.25
w2/bf16/open-loop/seed-2/ol-rate-17.10,2026-09-10,"RTX 4090 24 GB (WSL2, desktop-shared)",bf16,direct,none,open_loop 17.1 rps,2,clean,evidence/raw/w2/bf16/open-loop/seed-2/ol-rate-17.10
w2/bf16/open-loop/seed-2/ol-rate-2.85,2026-09-10,"RTX 4090 24 GB (WSL2, desktop-shared)",bf16,direct,none,open_loop 2.85 rps,2,clean,evidence/raw/w2/bf16/open-loop/seed-2/ol-rate-2.85
w2/bf16/open-loop/seed-2/ol-rate-22.80,2026-09-10,"RTX 4090 24 GB (WSL2, desktop-shared)",bf16,direct,none,open_loop 22.8 rps,2,clean,evidence/raw/w2/bf16/open-loop/seed-2/ol-rate-22.80
w2/bf16/open-loop/seed-2/ol-rate-5.70,2026-09-10,"RTX 4090 24 GB (WSL2, desktop-shared)",bf16,direct,none,open_loop 5.7 rps,2,clean,evidence/raw/w2/bf16/open-loop/seed-2/ol-rate-5.70
w2/bf16/open-loop/seed-2/ol-rate-6.27,2026-09-10,"RTX 4090 24 GB (WSL2, desktop-shared)",bf16,direct,none,open_loop 6.27 rps,2,clean,evidence/raw/w2/bf16/open-loop/seed-2/ol-rate-6.27
w2/bf16/open-loop/seed-2/ol-rate-6.84,2026-09-10,"RTX 4090 24 GB (WSL2, desktop-shared)",bf16,direct,none,open_loop 6.84 rps,2,clean,evidence/raw/w2/bf16/open-loop/seed-2/ol-rate-6.84
w2/bf16/open-loop/seed-2/ol-rate-7.41,2026-09-10,"RTX 4090 24 GB (WSL2, desktop-shared)",bf16,direct,none,open_loop 7.41 rps,2,clean,evidence/raw/w2/bf16/open-loop/seed-2/ol-rate-7.41
w2/bf16/open-loop/seed-2/ol-rate-7.98,2026-09-10,"RTX 4090 24 GB (WSL2, desktop-shared)",bf16,direct,none,open_loop 7.98 rps,2,clean,evidence/raw/w2/bf16/open-loop/seed-2/ol-rate-7.98
w2/bf16/open-loop/seed-2/ol-rate-8.55,2026-09-10,"RTX 4090 24 GB (WSL2, desktop-shared)",bf16,direct,none,open_loop 8.55 rps,2,clean,evidence/raw/w2/bf16/open-loop/seed-2/ol-rate-8.55
w2/bf16/open-loop/seed-2/ol-rate-9.12,2026-09-10,"RTX 4090 24 GB (WSL2, desktop-shared)",bf16,direct,none,open_loop 9.12 rps,2,clean,evidence/raw/w2/bf16/open-loop/seed-2/ol-rate-9.12
w2/bf16/open-loop/seed-2/ol-rate-9.69,2026-09-10,"RTX 4090 24 GB (WSL2, desktop-shared)",bf16,direct,none,open_loop 9.69 rps,2,clean,evidence/raw/w2/bf16/open-loop/seed-2/ol-rate-9.69
w2/bf16/open-loop/seed-3/ol-rate-10.26,2026-09-10,"RTX 4090 24 GB (WSL2, desktop-shared)",bf16,direct,none,open_loop 10.26 rps,3,clean,evidence/raw/w2/bf16/open-loop/seed-3/ol-rate-10.26
w2/bf16/open-loop/seed-3/ol-rate-11.40,2026-09-10,"RTX 4090 24 GB (WSL2, desktop-shared)",bf16,direct,none,open_loop 11.4 rps,3,clean,evidence/raw/w2/bf16/open-loop/seed-3/ol-rate-11.40
w2/bf16/open-loop/seed-3/ol-rate-14.25,2026-09-10,"RTX 4090 24 GB (WSL2, desktop-shared)",bf16,direct,none,open_loop 14.25 rps,3,clean,evidence/raw/w2/bf16/open-loop/seed-3/ol-rate-14.25
w2/bf16/open-loop/seed-3/ol-rate-17.10,2026-09-10,"RTX 4090 24 GB (WSL2, desktop-shared)",bf16,direct,none,open_loop 17.1 rps,3,clean,evidence/raw/w2/bf16/open-loop/seed-3/ol-rate-17.10
w2/bf16/open-loop/seed-3/ol-rate-2.85,2026-09-10,"RTX 4090 24 GB (WSL2, desktop-shared)",bf16,direct,none,open_loop 2.85 rps,3,clean,evidence/raw/w2/bf16/open-loop/seed-3/ol-rate-2.85
w2/bf16/open-loop/seed-3/ol-rate-22.80,2026-09-10,"RTX 4090 24 GB (WSL2, desktop-shared)",bf16,direct,none,open_loop 22.8 rps,3,clean,evidence/raw/w2/bf16/open-loop/seed-3/ol-rate-22.80
w2/bf16/open-loop/seed-3/ol-rate-5.70,2026-09-10,"RTX 4090 24 GB (WSL2, desktop-shared)",bf16,direct,none,open_loop 5.7 rps,3,clean,evidence/raw/w2/bf16/open-loop/seed-3/ol-rate-5.70
w2/bf16/open-loop/seed-3/ol-rate-6.27,2026-09-10,"RTX 4090 24 GB (WSL2, desktop-shared)",bf16,direct,none,open_loop 6.27 rps,3,clean,evidence/raw/w2/bf16/open-loop/seed-3/ol-rate-6.27
w2/bf16/open-loop/seed-3/ol-rate-6.84,2026-09-10,"RTX 4090 24 GB (WSL2, desktop-shared)",bf16,direct,none,open_loop 6.84 rps,3,clean,evidence/raw/w2/bf16/open-loop/seed-3/ol-rate-6.84
w2/bf16/open-loop/seed-3/ol-rate-7.41,2026-09-10,"RTX 4090 24 GB (WSL2, desktop-shared)",bf16,direct,none,open_loop 7.41 rps,3,clean,evidence/raw/w2/bf16/open-loop/seed-3/ol-rate-7.41
w2/bf16/open-loop/seed-3/ol-rate-7.98,2026-09-10,"RTX 4090 24 GB (WSL2, desktop-shared)",bf16,direct,none,open_loop 7.98 rps,3,clean,evidence/raw/w2/bf16/open-loop/seed-3/ol-rate-7.98
w2/bf16/open-loop/seed-3/ol-rate-8.55,2026-09-10,"RTX 4090 24 GB (WSL2, desktop-shared)",bf16,direct,none,open_loop 8.55 rps,3,clean,evidence/raw/w2/bf16/open-loop/seed-3/ol-rate-8.55
w2/bf16/open-loop/seed-3/ol-rate-9.12,2026-09-10,"RTX 4090 24 GB (WSL2, desktop-shared)",bf16,direct,none,open_loop 9.12 rps,3,clean,evidence/raw/w2/bf16/open-loop/seed-3/ol-rate-9.12
w2/bf16/open-loop/seed-3/ol-rate-9.69,2026-09-10,"RTX 4090 24 GB (WSL2, desktop-shared)",bf16,direct,none,open_loop 9.69 rps,3,clean,evidence/raw/w2/bf16/open-loop/seed-3/ol-rate-9.69
w2/fp8-mbt8192/closed-loop/seed-1/cl-conc-1,2026-09-10,"RTX 4090 24 GB (WSL2, desktop-shared)",fp8,direct,none,closed_loop c=1,1,clean,evidence/raw/w2/fp8-mbt8192/closed-loop/seed-1/cl-conc-1
w2/fp8-mbt8192/closed-loop/seed-1/cl-conc-128,2026-09-10,"RTX 4090 24 GB (WSL2, desktop-shared)",fp8,direct,none,closed_loop c=128,1,clean,evidence/raw/w2/fp8-mbt8192/closed-loop/seed-1/cl-conc-128
w2/fp8-mbt8192/closed-loop/seed-1/cl-conc-16,2026-09-10,"RTX 4090 24 GB (WSL2, desktop-shared)",fp8,direct,none,closed_loop c=16,1,clean,evidence/raw/w2/fp8-mbt8192/closed-loop/seed-1/cl-conc-16
w2/fp8-mbt8192/closed-loop/seed-1/cl-conc-192,2026-09-10,"RTX 4090 24 GB (WSL2, desktop-shared)",fp8,direct,none,closed_loop c=192,1,clean,evidence/raw/w2/fp8-mbt8192/closed-loop/seed-1/cl-conc-192
w2/fp8-mbt8192/closed-loop/seed-1/cl-conc-2,2026-09-10,"RTX 4090 24 GB (WSL2, desktop-shared)",fp8,direct,none,closed_loop c=2,1,clean,evidence/raw/w2/fp8-mbt8192/closed-loop/seed-1/cl-conc-2
w2/fp8-mbt8192/closed-loop/seed-1/cl-conc-256,2026-09-10,"RTX 4090 24 GB (WSL2, desktop-shared)",fp8,direct,none,closed_loop c=256,1,clean,evidence/raw/w2/fp8-mbt8192/closed-loop/seed-1/cl-conc-256
w2/fp8-mbt8192/closed-loop/seed-1/cl-conc-32,2026-09-10,"RTX 4090 24 GB (WSL2, desktop-shared)",fp8,direct,none,closed_loop c=32,1,clean,evidence/raw/w2/fp8-mbt8192/closed-loop/seed-1/cl-conc-32
w2/fp8-mbt8192/closed-loop/seed-1/cl-conc-4,2026-09-10,"RTX 4090 24 GB (WSL2, desktop-shared)",fp8,direct,none,closed_loop c=4,1,clean,evidence/raw/w2/fp8-mbt8192/closed-loop/seed-1/cl-conc-4
w2/fp8-mbt8192/closed-loop/seed-1/cl-conc-64,2026-09-10,"RTX 4090 24 GB (WSL2, desktop-shared)",fp8,direct,none,closed_loop c=64,1,clean,evidence/raw/w2/fp8-mbt8192/closed-loop/seed-1/cl-conc-64
w2/fp8-mbt8192/closed-loop/seed-1/cl-conc-8,2026-09-10,"RTX 4090 24 GB (WSL2, desktop-shared)",fp8,direct,none,closed_loop c=8,1,clean,evidence/raw/w2/fp8-mbt8192/closed-loop/seed-1/cl-conc-8
w2/fp8-mbt8192/closed-loop/seed-1/cl-conc-96,2026-09-10,"RTX 4090 24 GB (WSL2, desktop-shared)",fp8,direct,none,closed_loop c=96,1,clean,evidence/raw/w2/fp8-mbt8192/closed-loop/seed-1/cl-conc-96
w2/fp8-mbt8192/open-loop/seed-1/ol-rate-19.72,2026-09-10,"RTX 4090 24 GB (WSL2, desktop-shared)",fp8,direct,none,open_loop 19.72 rps,1,clean,evidence/raw/w2/fp8-mbt8192/open-loop/seed-1/ol-rate-19.72
w2/fp8-mbt8192/open-loop/seed-1/ol-rate-21.69,2026-09-10,"RTX 4090 24 GB (WSL2, desktop-shared)",fp8,direct,none,open_loop 21.69 rps,1,clean,evidence/raw/w2/fp8-mbt8192/open-loop/seed-1/ol-rate-21.69
w2/fp8-mbt8192/open-loop/seed-1/ol-rate-23.66,2026-09-10,"RTX 4090 24 GB (WSL2, desktop-shared)",fp8,direct,none,open_loop 23.66 rps,1,clean,evidence/raw/w2/fp8-mbt8192/open-loop/seed-1/ol-rate-23.66
w2/fp8-mbt8192/open-loop/seed-1/ol-rate-25.64,2026-09-10,"RTX 4090 24 GB (WSL2, desktop-shared)",fp8,direct,none,open_loop 25.64 rps,1,clean,evidence/raw/w2/fp8-mbt8192/open-loop/seed-1/ol-rate-25.64
w2/fp8-mbt8192/open-loop/seed-1/ol-rate-27.61,2026-09-10,"RTX 4090 24 GB (WSL2, desktop-shared)",fp8,direct,none,open_loop 27.61 rps,1,clean,evidence/raw/w2/fp8-mbt8192/open-loop/seed-1/ol-rate-27.61
w2/fp8-mbt8192/open-loop/seed-1/ol-rate-29.58,2026-09-10,"RTX 4090 24 GB (WSL2, desktop-shared)",fp8,direct,none,open_loop 29.58 rps,1,clean,evidence/raw/w2/fp8-mbt8192/open-loop/seed-1/ol-rate-29.58
w2/fp8-mbt8192/open-loop/seed-1/ol-rate-39.44,2026-09-10,"RTX 4090 24 GB (WSL2, desktop-shared)",fp8,direct,none,open_loop 39.44 rps,1,clean,evidence/raw/w2/fp8-mbt8192/open-loop/seed-1/ol-rate-39.44
w2/fp8-mbt8192/open-loop/seed-1/ol-rate-49.30,2026-09-10,"RTX 4090 24 GB (WSL2, desktop-shared)",fp8,direct,none,open_loop 49.3 rps,1,clean,evidence/raw/w2/fp8-mbt8192/open-loop/seed-1/ol-rate-49.30
w2/fp8-mbt8192/open-loop/seed-1/ol-rate-59.16,2026-09-10,"RTX 4090 24 GB (WSL2, desktop-shared)",fp8,direct,none,open_loop 59.16 rps,1,clean,evidence/raw/w2/fp8-mbt8192/open-loop/seed-1/ol-rate-59.16
w2/fp8-mbt8192/open-loop/seed-1/ol-rate-78.88,2026-09-10,"RTX 4090 24 GB (WSL2, desktop-shared)",fp8,direct,none,open_loop 78.88 rps,1,clean,evidence/raw/w2/fp8-mbt8192/open-loop/seed-1/ol-rate-78.88
w2/fp8-mbt8192/open-loop/seed-1/ol-rate-9.86,2026-09-10,"RTX 4090 24 GB (WSL2, desktop-shared)",fp8,direct,none,open_loop 9.86 rps,1,clean,evidence/raw/w2/fp8-mbt8192/open-loop/seed-1/ol-rate-9.86
w2/fp8/closed-loop-exploratory/seed-1/cl-conc-1,2026-09-08,"RTX 4090 24 GB (WSL2, desktop-shared)",fp8,direct,none,closed_loop c=1,1,clean,evidence/raw/w2/fp8/closed-loop-exploratory/seed-1/cl-conc-1
w2/fp8/closed-loop-exploratory/seed-1/cl-conc-128,2026-09-08,"RTX 4090 24 GB (WSL2, desktop-shared)",fp8,direct,none,closed_loop c=128,1,clean,evidence/raw/w2/fp8/closed-loop-exploratory/seed-1/cl-conc-128
w2/fp8/closed-loop-exploratory/seed-1/cl-conc-16,2026-09-08,"RTX 4090 24 GB (WSL2, desktop-shared)",fp8,direct,none,closed_loop c=16,1,clean,evidence/raw/w2/fp8/closed-loop-exploratory/seed-1/cl-conc-16
w2/fp8/closed-loop-exploratory/seed-1/cl-conc-2,2026-09-08,"RTX 4090 24 GB (WSL2, desktop-shared)",fp8,direct,none,closed_loop c=2,1,clean,evidence/raw/w2/fp8/closed-loop-exploratory/seed-1/cl-conc-2
w2/fp8/closed-loop-exploratory/seed-1/cl-conc-32,2026-09-08,"RTX 4090 24 GB (WSL2, desktop-shared)",fp8,direct,none,closed_loop c=32,1,clean,evidence/raw/w2/fp8/closed-loop-exploratory/seed-1/cl-conc-32
w2/fp8/closed-loop-exploratory/seed-1/cl-conc-4,2026-09-08,"RTX 4090 24 GB (WSL2, desktop-shared)",fp8,direct,none,closed_loop c=4,1,clean,evidence/raw/w2/fp8/closed-loop-exploratory/seed-1/cl-conc-4
w2/fp8/closed-loop-exploratory/seed-1/cl-conc-64,2026-09-08,"RTX 4090 24 GB (WSL2, desktop-shared)",fp8,direct,none,closed_loop c=64,1,clean,evidence/raw/w2/fp8/closed-loop-exploratory/seed-1/cl-conc-64
w2/fp8/closed-loop-exploratory/seed-1/cl-conc-8,2026-09-08,"RTX 4090 24 GB (WSL2, desktop-shared)",fp8,direct,none,closed_loop c=8,1,clean,evidence/raw/w2/fp8/closed-loop-exploratory/seed-1/cl-conc-8
w2/fp8/closed-loop-rerun-0.90-paging/seed-1/cl-conc-1,2026-09-09,"RTX 4090 24 GB (WSL2, desktop-shared)",fp8,direct,none,closed_loop c=1,1,clean,evidence/raw/w2/fp8/closed-loop-rerun-0.90-paging/seed-1/cl-conc-1
w2/fp8/closed-loop-rerun-0.90-paging/seed-1/cl-conc-2,2026-09-09,"RTX 4090 24 GB (WSL2, desktop-shared)",fp8,direct,none,closed_loop c=2,1,clean,evidence/raw/w2/fp8/closed-loop-rerun-0.90-paging/seed-1/cl-conc-2
w2/fp8/closed-loop-v3/seed-1/cl-conc-1,2026-09-09,"RTX 4090 24 GB (WSL2, desktop-shared)",fp8,direct,none,closed_loop c=1,1,clean,evidence/raw/w2/fp8/closed-loop-v3/seed-1/cl-conc-1
w2/fp8/closed-loop-v3/seed-1/cl-conc-128,2026-09-09,"RTX 4090 24 GB (WSL2, desktop-shared)",fp8,direct,none,closed_loop c=128,1,clean,evidence/raw/w2/fp8/closed-loop-v3/seed-1/cl-conc-128
w2/fp8/closed-loop-v3/seed-1/cl-conc-16,2026-09-09,"RTX 4090 24 GB (WSL2, desktop-shared)",fp8,direct,none,closed_loop c=16,1,clean,evidence/raw/w2/fp8/closed-loop-v3/seed-1/cl-conc-16
w2/fp8/closed-loop-v3/seed-1/cl-conc-192,2026-09-09,"RTX 4090 24 GB (WSL2, desktop-shared)",fp8,direct,none,closed_loop c=192,1,clean,evidence/raw/w2/fp8/closed-loop-v3/seed-1/cl-conc-192
w2/fp8/closed-loop-v3/seed-1/cl-conc-2,2026-09-09,"RTX 4090 24 GB (WSL2, desktop-shared)",fp8,direct,none,closed_loop c=2,1,clean,evidence/raw/w2/fp8/closed-loop-v3/seed-1/cl-conc-2
w2/fp8/closed-loop-v3/seed-1/cl-conc-256,2026-09-09,"RTX 4090 24 GB (WSL2, desktop-shared)",fp8,direct,none,closed_loop c=256,1,clean,evidence/raw/w2/fp8/closed-loop-v3/seed-1/cl-conc-256
w2/fp8/closed-loop-v3/seed-1/cl-conc-32,2026-09-09,"RTX 4090 24 GB (WSL2, desktop-shared)",fp8,direct,none,closed_loop c=32,1,clean,evidence/raw/w2/fp8/closed-loop-v3/seed-1/cl-conc-32
w2/fp8/closed-loop-v3/seed-1/cl-conc-4,2026-09-09,"RTX 4090 24 GB (WSL2, desktop-shared)",fp8,direct,none,closed_loop c=4,1,clean,evidence/raw/w2/fp8/closed-loop-v3/seed-1/cl-conc-4
w2/fp8/closed-loop-v3/seed-1/cl-conc-64,2026-09-09,"RTX 4090 24 GB (WSL2, desktop-shared)",fp8,direct,none,closed_loop c=64,1,clean,evidence/raw/w2/fp8/closed-loop-v3/seed-1/cl-conc-64
w2/fp8/closed-loop-v3/seed-1/cl-conc-8,2026-09-09,"RTX 4090 24 GB (WSL2, desktop-shared)",fp8,direct,none,closed_loop c=8,1,clean,evidence/raw/w2/fp8/closed-loop-v3/seed-1/cl-conc-8
w2/fp8/closed-loop-v3/seed-1/cl-conc-96,2026-09-09,"RTX 4090 24 GB (WSL2, desktop-shared)",fp8,direct,none,closed_loop c=96,1,clean,evidence/raw/w2/fp8/closed-loop-v3/seed-1/cl-conc-96
w2/fp8/closed-loop/seed-1/cl-conc-1,2026-09-08,"RTX 4090 24 GB (WSL2, desktop-shared)",fp8,direct,none,closed_loop c=1,1,clean,evidence/raw/w2/fp8/closed-loop/seed-1/cl-conc-1
w2/fp8/closed-loop/seed-1/cl-conc-128,2026-09-08,"RTX 4090 24 GB (WSL2, desktop-shared)",fp8,direct,none,closed_loop c=128,1,clean,evidence/raw/w2/fp8/closed-loop/seed-1/cl-conc-128
w2/fp8/closed-loop/seed-1/cl-conc-16,2026-09-08,"RTX 4090 24 GB (WSL2, desktop-shared)",fp8,direct,none,closed_loop c=16,1,suspect: W per util point 1.85 < 2.0,evidence/raw/w2/fp8/closed-loop/seed-1/cl-conc-16
w2/fp8/closed-loop/seed-1/cl-conc-192,2026-09-08,"RTX 4090 24 GB (WSL2, desktop-shared)",fp8,direct,none,closed_loop c=192,1,clean,evidence/raw/w2/fp8/closed-loop/seed-1/cl-conc-192
w2/fp8/closed-loop/seed-1/cl-conc-2,2026-09-08,"RTX 4090 24 GB (WSL2, desktop-shared)",fp8,direct,none,closed_loop c=2,1,clean,evidence/raw/w2/fp8/closed-loop/seed-1/cl-conc-2
w2/fp8/closed-loop/seed-1/cl-conc-256,2026-09-08,"RTX 4090 24 GB (WSL2, desktop-shared)",fp8,direct,none,closed_loop c=256,1,clean,evidence/raw/w2/fp8/closed-loop/seed-1/cl-conc-256
w2/fp8/closed-loop/seed-1/cl-conc-32,2026-09-08,"RTX 4090 24 GB (WSL2, desktop-shared)",fp8,direct,none,closed_loop c=32,1,suspect: W per util point 1.76 < 2.0,evidence/raw/w2/fp8/closed-loop/seed-1/cl-conc-32
w2/fp8/closed-loop/seed-1/cl-conc-4,2026-09-08,"RTX 4090 24 GB (WSL2, desktop-shared)",fp8,direct,none,closed_loop c=4,1,suspect: W per util point 1.88 < 2.0,evidence/raw/w2/fp8/closed-loop/seed-1/cl-conc-4
w2/fp8/closed-loop/seed-1/cl-conc-64,2026-09-08,"RTX 4090 24 GB (WSL2, desktop-shared)",fp8,direct,none,closed_loop c=64,1,suspect: W per util point 1.83 < 2.0,evidence/raw/w2/fp8/closed-loop/seed-1/cl-conc-64
w2/fp8/closed-loop/seed-1/cl-conc-8,2026-09-08,"RTX 4090 24 GB (WSL2, desktop-shared)",fp8,direct,none,closed_loop c=8,1,suspect: W per util point 1.84 < 2.0,evidence/raw/w2/fp8/closed-loop/seed-1/cl-conc-8
w2/fp8/closed-loop/seed-1/cl-conc-96,2026-09-08,"RTX 4090 24 GB (WSL2, desktop-shared)",fp8,direct,none,closed_loop c=96,1,suspect: W per util point 1.82 < 2.0,evidence/raw/w2/fp8/closed-loop/seed-1/cl-conc-96
w2/fp8/open-loop/seed-1/ol-rate-10.92,2026-09-09,"RTX 4090 24 GB (WSL2, desktop-shared)",fp8,direct,none,open_loop 10.92 rps,1,clean,evidence/raw/w2/fp8/open-loop/seed-1/ol-rate-10.92
w2/fp8/open-loop/seed-1/ol-rate-21.84,2026-09-09,"RTX 4090 24 GB (WSL2, desktop-shared)",fp8,direct,none,open_loop 21.84 rps,1,clean,evidence/raw/w2/fp8/open-loop/seed-1/ol-rate-21.84
w2/fp8/open-loop/seed-1/ol-rate-24.02,2026-09-09,"RTX 4090 24 GB (WSL2, desktop-shared)",fp8,direct,none,open_loop 24.02 rps,1,clean,evidence/raw/w2/fp8/open-loop/seed-1/ol-rate-24.02
w2/fp8/open-loop/seed-1/ol-rate-26.20,2026-09-09,"RTX 4090 24 GB (WSL2, desktop-shared)",fp8,direct,none,open_loop 26.2 rps,1,clean,evidence/raw/w2/fp8/open-loop/seed-1/ol-rate-26.20
w2/fp8/open-loop/seed-1/ol-rate-28.39,2026-09-09,"RTX 4090 24 GB (WSL2, desktop-shared)",fp8,direct,none,open_loop 28.39 rps,1,clean,evidence/raw/w2/fp8/open-loop/seed-1/ol-rate-28.39
w2/fp8/open-loop/seed-1/ol-rate-30.57,2026-09-09,"RTX 4090 24 GB (WSL2, desktop-shared)",fp8,direct,none,open_loop 30.57 rps,1,clean,evidence/raw/w2/fp8/open-loop/seed-1/ol-rate-30.57
w2/fp8/open-loop/seed-1/ol-rate-32.75,2026-09-09,"RTX 4090 24 GB (WSL2, desktop-shared)",fp8,direct,none,open_loop 32.75 rps,1,clean,evidence/raw/w2/fp8/open-loop/seed-1/ol-rate-32.75
w2/fp8/open-loop/seed-1/ol-rate-43.67,2026-09-09,"RTX 4090 24 GB (WSL2, desktop-shared)",fp8,direct,none,open_loop 43.67 rps,1,clean,evidence/raw/w2/fp8/open-loop/seed-1/ol-rate-43.67
w2/fp8/open-loop/seed-1/ol-rate-54.59,2026-09-09,"RTX 4090 24 GB (WSL2, desktop-shared)",fp8,direct,none,open_loop 54.59 rps,1,clean,evidence/raw/w2/fp8/open-loop/seed-1/ol-rate-54.59
w2/fp8/open-loop/seed-1/ol-rate-65.50,2026-09-09,"RTX 4090 24 GB (WSL2, desktop-shared)",fp8,direct,none,open_loop 65.5 rps,1,clean,evidence/raw/w2/fp8/open-loop/seed-1/ol-rate-65.50
w2/fp8/open-loop/seed-1/ol-rate-87.34,2026-09-09,"RTX 4090 24 GB (WSL2, desktop-shared)",fp8,direct,none,open_loop 87.34 rps,1,clean,evidence/raw/w2/fp8/open-loop/seed-1/ol-rate-87.34
w2/fp8/open-loop/seed-2/ol-rate-10.92,2026-09-09,"RTX 4090 24 GB (WSL2, desktop-shared)",fp8,direct,none,open_loop 10.92 rps,2,clean,evidence/raw/w2/fp8/open-loop/seed-2/ol-rate-10.92
w2/fp8/open-loop/seed-2/ol-rate-21.84,2026-09-09,"RTX 4090 24 GB (WSL2, desktop-shared)",fp8,direct,none,open_loop 21.84 rps,2,clean,evidence/raw/w2/fp8/open-loop/seed-2/ol-rate-21.84
w2/fp8/open-loop/seed-2/ol-rate-24.02,2026-09-09,"RTX 4090 24 GB (WSL2, desktop-shared)",fp8,direct,none,open_loop 24.02 rps,2,clean,evidence/raw/w2/fp8/open-loop/seed-2/ol-rate-24.02
w2/fp8/open-loop/seed-2/ol-rate-26.20,2026-09-09,"RTX 4090 24 GB (WSL2, desktop-shared)",fp8,direct,none,open_loop 26.2 rps,2,clean,evidence/raw/w2/fp8/open-loop/seed-2/ol-rate-26.20
w2/fp8/open-loop/seed-2/ol-rate-28.39,2026-09-09,"RTX 4090 24 GB (WSL2, desktop-shared)",fp8,direct,none,open_loop 28.39 rps,2,clean,evidence/raw/w2/fp8/open-loop/seed-2/ol-rate-28.39
w2/fp8/open-loop/seed-2/ol-rate-30.57,2026-09-09,"RTX 4090 24 GB (WSL2, desktop-shared)",fp8,direct,none,open_loop 30.57 rps,2,clean,evidence/raw/w2/fp8/open-loop/seed-2/ol-rate-30.57
w2/fp8/open-loop/seed-2/ol-rate-32.75,2026-09-09,"RTX 4090 24 GB (WSL2, desktop-shared)",fp8,direct,none,open_loop 32.75 rps,2,clean,evidence/raw/w2/fp8/open-loop/seed-2/ol-rate-32.75
w2/fp8/open-loop/seed-2/ol-rate-43.67,2026-09-09,"RTX 4090 24 GB (WSL2, desktop-shared)",fp8,direct,none,open_loop 43.67 rps,2,clean,evidence/raw/w2/fp8/open-loop/seed-2/ol-rate-43.67
w2/fp8/open-loop/seed-2/ol-rate-54.59,2026-09-09,"RTX 4090 24 GB (WSL2, desktop-shared)",fp8,direct,none,open_loop 54.59 rps,2,clean,evidence/raw/w2/fp8/open-loop/seed-2/ol-rate-54.59
w2/fp8/open-loop/seed-2/ol-rate-65.50,2026-09-09,"RTX 4090 24 GB (WSL2, desktop-shared)",fp8,direct,none,open_loop 65.5 rps,2,clean,evidence/raw/w2/fp8/open-loop/seed-2/ol-rate-65.50
w2/fp8/open-loop/seed-2/ol-rate-87.34,2026-09-09,"RTX 4090 24 GB (WSL2, desktop-shared)",fp8,direct,none,open_loop 87.34 rps,2,clean,evidence/raw/w2/fp8/open-loop/seed-2/ol-rate-87.34
w2/fp8/open-loop/seed-3/ol-rate-10.92,2026-09-09,"RTX 4090 24 GB (WSL2, desktop-shared)",fp8,direct,none,open_loop 10.92 rps,3,clean,evidence/raw/w2/fp8/open-loop/seed-3/ol-rate-10.92
w2/fp8/open-loop/seed-3/ol-rate-21.84,2026-09-09,"RTX 4090 24 GB (WSL2, desktop-shared)",fp8,direct,none,open_loop 21.84 rps,3,clean,evidence/raw/w2/fp8/open-loop/seed-3/ol-rate-21.84
w2/fp8/open-loop/seed-3/ol-rate-24.02,2026-09-09,"RTX 4090 24 GB (WSL2, desktop-shared)",fp8,direct,none,open_loop 24.02 rps,3,clean,evidence/raw/w2/fp8/open-loop/seed-3/ol-rate-24.02
w2/fp8/open-loop/seed-3/ol-rate-26.20,2026-09-09,"RTX 4090 24 GB (WSL2, desktop-shared)",fp8,direct,none,open_loop 26.2 rps,3,clean,evidence/raw/w2/fp8/open-loop/seed-3/ol-rate-26.20
w2/fp8/open-loop/seed-3/ol-rate-28.39,2026-09-09,"RTX 4090 24 GB (WSL2, desktop-shared)",fp8,direct,none,open_loop 28.39 rps,3,clean,evidence/raw/w2/fp8/open-loop/seed-3/ol-rate-28.39
w2/fp8/open-loop/seed-3/ol-rate-30.57,2026-09-09,"RTX 4090 24 GB (WSL2, desktop-shared)",fp8,direct,none,open_loop 30.57 rps,3,clean,evidence/raw/w2/fp8/open-loop/seed-3/ol-rate-30.57
w2/fp8/open-loop/seed-3/ol-rate-32.75,2026-09-09,"RTX 4090 24 GB (WSL2, desktop-shared)",fp8,direct,none,open_loop 32.75 rps,3,clean,evidence/raw/w2/fp8/open-loop/seed-3/ol-rate-32.75
w2/fp8/open-loop/seed-3/ol-rate-43.67,2026-09-09,"RTX 4090 24 GB (WSL2, desktop-shared)",fp8,direct,none,open_loop 43.67 rps,3,clean,evidence/raw/w2/fp8/open-loop/seed-3/ol-rate-43.67
w2/fp8/open-loop/seed-3/ol-rate-54.59,2026-09-09,"RTX 4090 24 GB (WSL2, desktop-shared)",fp8,direct,none,open_loop 54.59 rps,3,clean,evidence/raw/w2/fp8/open-loop/seed-3/ol-rate-54.59
w2/fp8/open-loop/seed-3/ol-rate-65.50,2026-09-09,"RTX 4090 24 GB (WSL2, desktop-shared)",fp8,direct,none,open_loop 65.5 rps,3,clean,evidence/raw/w2/fp8/open-loop/seed-3/ol-rate-65.50
w2/fp8/open-loop/seed-3/ol-rate-87.34,2026-09-09,"RTX 4090 24 GB (WSL2, desktop-shared)",fp8,direct,none,open_loop 87.34 rps,3,clean,evidence/raw/w2/fp8/open-loop/seed-3/ol-rate-87.34
w2/gptq/closed-loop/seed-1/cl-conc-1,2026-09-09,"RTX 4090 24 GB (WSL2, desktop-shared)",gptq_int4,direct,none,closed_loop c=1,1,clean,evidence/raw/w2/gptq/closed-loop/seed-1/cl-conc-1
w2/gptq/closed-loop/seed-1/cl-conc-128,2026-09-10,"RTX 4090 24 GB (WSL2, desktop-shared)",gptq_int4,direct,none,closed_loop c=128,1,clean,evidence/raw/w2/gptq/closed-loop/seed-1/cl-conc-128
w2/gptq/closed-loop/seed-1/cl-conc-16,2026-09-10,"RTX 4090 24 GB (WSL2, desktop-shared)",gptq_int4,direct,none,closed_loop c=16,1,clean,evidence/raw/w2/gptq/closed-loop/seed-1/cl-conc-16
w2/gptq/closed-loop/seed-1/cl-conc-192,2026-09-10,"RTX 4090 24 GB (WSL2, desktop-shared)",gptq_int4,direct,none,closed_loop c=192,1,clean,evidence/raw/w2/gptq/closed-loop/seed-1/cl-conc-192
w2/gptq/closed-loop/seed-1/cl-conc-2,2026-09-09,"RTX 4090 24 GB (WSL2, desktop-shared)",gptq_int4,direct,none,closed_loop c=2,1,clean,evidence/raw/w2/gptq/closed-loop/seed-1/cl-conc-2
w2/gptq/closed-loop/seed-1/cl-conc-256,2026-09-10,"RTX 4090 24 GB (WSL2, desktop-shared)",gptq_int4,direct,none,closed_loop c=256,1,clean,evidence/raw/w2/gptq/closed-loop/seed-1/cl-conc-256
w2/gptq/closed-loop/seed-1/cl-conc-32,2026-09-10,"RTX 4090 24 GB (WSL2, desktop-shared)",gptq_int4,direct,none,closed_loop c=32,1,clean,evidence/raw/w2/gptq/closed-loop/seed-1/cl-conc-32
w2/gptq/closed-loop/seed-1/cl-conc-4,2026-09-09,"RTX 4090 24 GB (WSL2, desktop-shared)",gptq_int4,direct,none,closed_loop c=4,1,clean,evidence/raw/w2/gptq/closed-loop/seed-1/cl-conc-4
w2/gptq/closed-loop/seed-1/cl-conc-64,2026-09-10,"RTX 4090 24 GB (WSL2, desktop-shared)",gptq_int4,direct,none,closed_loop c=64,1,clean,evidence/raw/w2/gptq/closed-loop/seed-1/cl-conc-64
w2/gptq/closed-loop/seed-1/cl-conc-8,2026-09-09,"RTX 4090 24 GB (WSL2, desktop-shared)",gptq_int4,direct,none,closed_loop c=8,1,clean,evidence/raw/w2/gptq/closed-loop/seed-1/cl-conc-8
w2/gptq/closed-loop/seed-1/cl-conc-96,2026-09-10,"RTX 4090 24 GB (WSL2, desktop-shared)",gptq_int4,direct,none,closed_loop c=96,1,clean,evidence/raw/w2/gptq/closed-loop/seed-1/cl-conc-96
w2/gptq/open-loop/seed-1/ol-rate-15.13,2026-09-10,"RTX 4090 24 GB (WSL2, desktop-shared)",gptq_int4,direct,none,open_loop 15.13 rps,1,clean,evidence/raw/w2/gptq/open-loop/seed-1/ol-rate-15.13
w2/gptq/open-loop/seed-1/ol-rate-16.64,2026-09-10,"RTX 4090 24 GB (WSL2, desktop-shared)",gptq_int4,direct,none,open_loop 16.64 rps,1,clean,evidence/raw/w2/gptq/open-loop/seed-1/ol-rate-16.64
w2/gptq/open-loop/seed-1/ol-rate-18.16,2026-09-10,"RTX 4090 24 GB (WSL2, desktop-shared)",gptq_int4,direct,none,open_loop 18.16 rps,1,clean,evidence/raw/w2/gptq/open-loop/seed-1/ol-rate-18.16
w2/gptq/open-loop/seed-1/ol-rate-19.67,2026-09-10,"RTX 4090 24 GB (WSL2, desktop-shared)",gptq_int4,direct,none,open_loop 19.67 rps,1,clean,evidence/raw/w2/gptq/open-loop/seed-1/ol-rate-19.67
w2/gptq/open-loop/seed-1/ol-rate-21.18,2026-09-10,"RTX 4090 24 GB (WSL2, desktop-shared)",gptq_int4,direct,none,open_loop 21.18 rps,1,clean,evidence/raw/w2/gptq/open-loop/seed-1/ol-rate-21.18
w2/gptq/open-loop/seed-1/ol-rate-22.70,2026-09-10,"RTX 4090 24 GB (WSL2, desktop-shared)",gptq_int4,direct,none,open_loop 22.7 rps,1,clean,evidence/raw/w2/gptq/open-loop/seed-1/ol-rate-22.70
w2/gptq/open-loop/seed-1/ol-rate-24.21,2026-09-10,"RTX 4090 24 GB (WSL2, desktop-shared)",gptq_int4,direct,none,open_loop 24.21 rps,1,clean,evidence/raw/w2/gptq/open-loop/seed-1/ol-rate-24.21
w2/gptq/open-loop/seed-1/ol-rate-25.72,2026-09-10,"RTX 4090 24 GB (WSL2, desktop-shared)",gptq_int4,direct,none,open_loop 25.72 rps,1,clean,evidence/raw/w2/gptq/open-loop/seed-1/ol-rate-25.72
w2/gptq/open-loop/seed-1/ol-rate-27.23,2026-09-10,"RTX 4090 24 GB (WSL2, desktop-shared)",gptq_int4,direct,none,open_loop 27.23 rps,1,clean,evidence/raw/w2/gptq/open-loop/seed-1/ol-rate-27.23
w2/gptq/open-loop/seed-1/ol-rate-30.26,2026-09-10,"RTX 4090 24 GB (WSL2, desktop-shared)",gptq_int4,direct,none,open_loop 30.26 rps,1,clean,evidence/raw/w2/gptq/open-loop/seed-1/ol-rate-30.26
w2/gptq/open-loop/seed-1/ol-rate-37.83,2026-09-10,"RTX 4090 24 GB (WSL2, desktop-shared)",gptq_int4,direct,none,open_loop 37.83 rps,1,clean,evidence/raw/w2/gptq/open-loop/seed-1/ol-rate-37.83
w2/gptq/open-loop/seed-1/ol-rate-45.39,2026-09-10,"RTX 4090 24 GB (WSL2, desktop-shared)",gptq_int4,direct,none,open_loop 45.39 rps,1,clean,evidence/raw/w2/gptq/open-loop/seed-1/ol-rate-45.39
w2/gptq/open-loop/seed-1/ol-rate-60.52,2026-09-10,"RTX 4090 24 GB (WSL2, desktop-shared)",gptq_int4,direct,none,open_loop 60.52 rps,1,clean,evidence/raw/w2/gptq/open-loop/seed-1/ol-rate-60.52
w2/gptq/open-loop/seed-1/ol-rate-7.57,2026-09-10,"RTX 4090 24 GB (WSL2, desktop-shared)",gptq_int4,direct,none,open_loop 7.57 rps,1,clean,evidence/raw/w2/gptq/open-loop/seed-1/ol-rate-7.57
w2/gptq/open-loop/seed-2/ol-rate-15.13,2026-09-10,"RTX 4090 24 GB (WSL2, desktop-shared)",gptq_int4,direct,none,open_loop 15.13 rps,2,clean,evidence/raw/w2/gptq/open-loop/seed-2/ol-rate-15.13
w2/gptq/open-loop/seed-2/ol-rate-16.64,2026-09-10,"RTX 4090 24 GB (WSL2, desktop-shared)",gptq_int4,direct,none,open_loop 16.64 rps,2,clean,evidence/raw/w2/gptq/open-loop/seed-2/ol-rate-16.64
w2/gptq/open-loop/seed-2/ol-rate-18.16,2026-09-10,"RTX 4090 24 GB (WSL2, desktop-shared)",gptq_int4,direct,none,open_loop 18.16 rps,2,clean,evidence/raw/w2/gptq/open-loop/seed-2/ol-rate-18.16
w2/gptq/open-loop/seed-2/ol-rate-19.67,2026-09-10,"RTX 4090 24 GB (WSL2, desktop-shared)",gptq_int4,direct,none,open_loop 19.67 rps,2,clean,evidence/raw/w2/gptq/open-loop/seed-2/ol-rate-19.67
w2/gptq/open-loop/seed-2/ol-rate-21.18,2026-09-10,"RTX 4090 24 GB (WSL2, desktop-shared)",gptq_int4,direct,none,open_loop 21.18 rps,2,clean,evidence/raw/w2/gptq/open-loop/seed-2/ol-rate-21.18
w2/gptq/open-loop/seed-2/ol-rate-22.70,2026-09-10,"RTX 4090 24 GB (WSL2, desktop-shared)",gptq_int4,direct,none,open_loop 22.7 rps,2,clean,evidence/raw/w2/gptq/open-loop/seed-2/ol-rate-22.70
w2/gptq/open-loop/seed-2/ol-rate-24.21,2026-09-10,"RTX 4090 24 GB (WSL2, desktop-shared)",gptq_int4,direct,none,open_loop 24.21 rps,2,clean,evidence/raw/w2/gptq/open-loop/seed-2/ol-rate-24.21
w2/gptq/open-loop/seed-2/ol-rate-25.72,2026-09-10,"RTX 4090 24 GB (WSL2, desktop-shared)",gptq_int4,direct,none,open_loop 25.72 rps,2,clean,evidence/raw/w2/gptq/open-loop/seed-2/ol-rate-25.72
w2/gptq/open-loop/seed-2/ol-rate-27.23,2026-09-10,"RTX 4090 24 GB (WSL2, desktop-shared)",gptq_int4,direct,none,open_loop 27.23 rps,2,clean,evidence/raw/w2/gptq/open-loop/seed-2/ol-rate-27.23
w2/gptq/open-loop/seed-2/ol-rate-30.26,2026-09-10,"RTX 4090 24 GB (WSL2, desktop-shared)",gptq_int4,direct,none,open_loop 30.26 rps,2,clean,evidence/raw/w2/gptq/open-loop/seed-2/ol-rate-30.26
w2/gptq/open-loop/seed-2/ol-rate-37.83,2026-09-10,"RTX 4090 24 GB (WSL2, desktop-shared)",gptq_int4,direct,none,open_loop 37.83 rps,2,clean,evidence/raw/w2/gptq/open-loop/seed-2/ol-rate-37.83
w2/gptq/open-loop/seed-2/ol-rate-45.39,2026-09-10,"RTX 4090 24 GB (WSL2, desktop-shared)",gptq_int4,direct,none,open_loop 45.39 rps,2,clean,evidence/raw/w2/gptq/open-loop/seed-2/ol-rate-45.39
w2/gptq/open-loop/seed-2/ol-rate-60.52,2026-09-10,"RTX 4090 24 GB (WSL2, desktop-shared)",gptq_int4,direct,none,open_loop 60.52 rps,2,clean,evidence/raw/w2/gptq/open-loop/seed-2/ol-rate-60.52
w2/gptq/open-loop/seed-2/ol-rate-7.57,2026-09-10,"RTX 4090 24 GB (WSL2, desktop-shared)",gptq_int4,direct,none,open_loop 7.57 rps,2,clean,evidence/raw/w2/gptq/open-loop/seed-2/ol-rate-7.57
w2/gptq/open-loop/seed-3/ol-rate-15.13,2026-09-10,"RTX 4090 24 GB (WSL2, desktop-shared)",gptq_int4,direct,none,open_loop 15.13 rps,3,clean,evidence/raw/w2/gptq/open-loop/seed-3/ol-rate-15.13
w2/gptq/open-loop/seed-3/ol-rate-16.64,2026-09-10,"RTX 4090 24 GB (WSL2, desktop-shared)",gptq_int4,direct,none,open_loop 16.64 rps,3,clean,evidence/raw/w2/gptq/open-loop/seed-3/ol-rate-16.64
w2/gptq/open-loop/seed-3/ol-rate-18.16,2026-09-10,"RTX 4090 24 GB (WSL2, desktop-shared)",gptq_int4,direct,none,open_loop 18.16 rps,3,clean,evidence/raw/w2/gptq/open-loop/seed-3/ol-rate-18.16
w2/gptq/open-loop/seed-3/ol-rate-19.67,2026-09-10,"RTX 4090 24 GB (WSL2, desktop-shared)",gptq_int4,direct,none,open_loop 19.67 rps,3,clean,evidence/raw/w2/gptq/open-loop/seed-3/ol-rate-19.67
w2/gptq/open-loop/seed-3/ol-rate-21.18,2026-09-10,"RTX 4090 24 GB (WSL2, desktop-shared)",gptq_int4,direct,none,open_loop 21.18 rps,3,clean,evidence/raw/w2/gptq/open-loop/seed-3/ol-rate-21.18
w2/gptq/open-loop/seed-3/ol-rate-22.70,2026-09-10,"RTX 4090 24 GB (WSL2, desktop-shared)",gptq_int4,direct,none,open_loop 22.7 rps,3,clean,evidence/raw/w2/gptq/open-loop/seed-3/ol-rate-22.70
w2/gptq/open-loop/seed-3/ol-rate-24.21,2026-09-10,"RTX 4090 24 GB (WSL2, desktop-shared)",gptq_int4,direct,none,open_loop 24.21 rps,3,clean,evidence/raw/w2/gptq/open-loop/seed-3/ol-rate-24.21
w2/gptq/open-loop/seed-3/ol-rate-25.72,2026-09-10,"RTX 4090 24 GB (WSL2, desktop-shared)",gptq_int4,direct,none,open_loop 25.72 rps,3,clean,evidence/raw/w2/gptq/open-loop/seed-3/ol-rate-25.72
w2/gptq/open-loop/seed-3/ol-rate-27.23,2026-09-10,"RTX 4090 24 GB (WSL2, desktop-shared)",gptq_int4,direct,none,open_loop 27.23 rps,3,clean,evidence/raw/w2/gptq/open-loop/seed-3/ol-rate-27.23
w2/gptq/open-loop/seed-3/ol-rate-30.26,2026-09-10,"RTX 4090 24 GB (WSL2, desktop-shared)",gptq_int4,direct,none,open_loop 30.26 rps,3,clean,evidence/raw/w2/gptq/open-loop/seed-3/ol-rate-30.26
w2/gptq/open-loop/seed-3/ol-rate-37.83,2026-09-10,"RTX 4090 24 GB (WSL2, desktop-shared)",gptq_int4,direct,none,open_loop 37.83 rps,3,clean,evidence/raw/w2/gptq/open-loop/seed-3/ol-rate-37.83
w2/gptq/open-loop/seed-3/ol-rate-45.39,2026-09-10,"RTX 4090 24 GB (WSL2, desktop-shared)",gptq_int4,direct,none,open_loop 45.39 rps,3,clean,evidence/raw/w2/gptq/open-loop/seed-3/ol-rate-45.39
w2/gptq/open-loop/seed-3/ol-rate-60.52,2026-09-10,"RTX 4090 24 GB (WSL2, desktop-shared)",gptq_int4,direct,none,open_loop 60.52 rps,3,clean,evidence/raw/w2/gptq/open-loop/seed-3/ol-rate-60.52
w2/gptq/open-loop/seed-3/ol-rate-7.57,2026-09-10,"RTX 4090 24 GB (WSL2, desktop-shared)",gptq_int4,direct,none,open_loop 7.57 rps,3,clean,evidence/raw/w2/gptq/open-loop/seed-3/ol-rate-7.57
w3/bf16/trace/seed-1/trace-bounded_queue,2026-09-11,"RTX 4090 24 GB (WSL2, desktop-shared)",bf16,bounded_queue,none,trace burst25,1,clean,evidence/raw/w3/bf16/trace/seed-1/trace-bounded_queue
w3/bf16/trace/seed-1/trace-hard_cap,2026-09-11,"RTX 4090 24 GB (WSL2, desktop-shared)",bf16,hard_cap,none,trace burst25,1,clean,evidence/raw/w3/bf16/trace/seed-1/trace-hard_cap
w3/bf16/trace/seed-1/trace-passthrough,2026-09-11,"RTX 4090 24 GB (WSL2, desktop-shared)",bf16,passthrough,none,trace burst25,1,clean,evidence/raw/w3/bf16/trace/seed-1/trace-passthrough
w3/bf16/trace/seed-2/trace-bounded_queue,2026-09-11,"RTX 4090 24 GB (WSL2, desktop-shared)",bf16,bounded_queue,none,trace burst25,2,clean,evidence/raw/w3/bf16/trace/seed-2/trace-bounded_queue
w3/bf16/trace/seed-2/trace-hard_cap,2026-09-11,"RTX 4090 24 GB (WSL2, desktop-shared)",bf16,hard_cap,none,trace burst25,2,clean,evidence/raw/w3/bf16/trace/seed-2/trace-hard_cap
w3/bf16/trace/seed-2/trace-passthrough,2026-09-11,"RTX 4090 24 GB (WSL2, desktop-shared)",bf16,passthrough,none,trace burst25,2,clean,evidence/raw/w3/bf16/trace/seed-2/trace-passthrough
w3/bf16/trace/seed-3/trace-bounded_queue,2026-09-11,"RTX 4090 24 GB (WSL2, desktop-shared)",bf16,bounded_queue,none,trace burst25,3,clean,evidence/raw/w3/bf16/trace/seed-3/trace-bounded_queue
w3/bf16/trace/seed-3/trace-hard_cap,2026-09-11,"RTX 4090 24 GB (WSL2, desktop-shared)",bf16,hard_cap,none,trace burst25,3,clean,evidence/raw/w3/bf16/trace/seed-3/trace-hard_cap
w3/bf16/trace/seed-3/trace-passthrough,2026-09-11,"RTX 4090 24 GB (WSL2, desktop-shared)",bf16,passthrough,none,trace burst25,3,clean,evidence/raw/w3/bf16/trace/seed-3/trace-passthrough
w3/fp8-c192/trace/seed-1/trace-hard_cap,2026-09-12,"RTX 4090 24 GB (WSL2, desktop-shared)",fp8,hard_cap,none,trace burst25,1,clean,evidence/raw/w3/fp8-c192/trace/seed-1/trace-hard_cap
w3/fp8-c192/trace/seed-2/trace-hard_cap,2026-09-12,"RTX 4090 24 GB (WSL2, desktop-shared)",fp8,hard_cap,none,trace burst25,2,clean,evidence/raw/w3/fp8-c192/trace/seed-2/trace-hard_cap
w3/fp8-c192/trace/seed-3/trace-hard_cap,2026-09-12,"RTX 4090 24 GB (WSL2, desktop-shared)",fp8,hard_cap,none,trace burst25,3,clean,evidence/raw/w3/fp8-c192/trace/seed-3/trace-hard_cap
w3/fp8/trace/seed-1/trace-bounded_queue,2026-09-10,"RTX 4090 24 GB (WSL2, desktop-shared)",fp8,bounded_queue,none,trace burst25,1,clean,evidence/raw/w3/fp8/trace/seed-1/trace-bounded_queue
w3/fp8/trace/seed-1/trace-hard_cap,2026-09-10,"RTX 4090 24 GB (WSL2, desktop-shared)",fp8,hard_cap,none,trace burst25,1,clean,evidence/raw/w3/fp8/trace/seed-1/trace-hard_cap
w3/fp8/trace/seed-1/trace-passthrough,2026-09-10,"RTX 4090 24 GB (WSL2, desktop-shared)",fp8,passthrough,none,trace burst25,1,clean,evidence/raw/w3/fp8/trace/seed-1/trace-passthrough
w3/fp8/trace/seed-2/trace-bounded_queue,2026-09-10,"RTX 4090 24 GB (WSL2, desktop-shared)",fp8,bounded_queue,none,trace burst25,2,clean,evidence/raw/w3/fp8/trace/seed-2/trace-bounded_queue
w3/fp8/trace/seed-2/trace-hard_cap,2026-09-10,"RTX 4090 24 GB (WSL2, desktop-shared)",fp8,hard_cap,none,trace burst25,2,clean,evidence/raw/w3/fp8/trace/seed-2/trace-hard_cap
w3/fp8/trace/seed-2/trace-passthrough,2026-09-10,"RTX 4090 24 GB (WSL2, desktop-shared)",fp8,passthrough,none,trace burst25,2,clean,evidence/raw/w3/fp8/trace/seed-2/trace-passthrough
w3/fp8/trace/seed-3/trace-bounded_queue,2026-09-10,"RTX 4090 24 GB (WSL2, desktop-shared)",fp8,bounded_queue,none,trace burst25,3,clean,evidence/raw/w3/fp8/trace/seed-3/trace-bounded_queue
w3/fp8/trace/seed-3/trace-hard_cap,2026-09-11,"RTX 4090 24 GB (WSL2, desktop-shared)",fp8,hard_cap,none,trace burst25,3,clean,evidence/raw/w3/fp8/trace/seed-3/trace-hard_cap
w3/fp8/trace/seed-3/trace-passthrough,2026-09-11,"RTX 4090 24 GB (WSL2, desktop-shared)",fp8,passthrough,none,trace burst25,3,clean,evidence/raw/w3/fp8/trace/seed-3/trace-passthrough
w4/fp8-ngram/closed-loop/seed-1/cl-conc-1,2026-09-11,"RTX 4090 24 GB (WSL2, desktop-shared)",fp8,passthrough,ngram,closed_loop c=1,1,clean,evidence/raw/w4/fp8-ngram/closed-loop/seed-1/cl-conc-1
w4/fp8-ngram/closed-loop/seed-1/cl-conc-128,2026-09-11,"RTX 4090 24 GB (WSL2, desktop-shared)",fp8,passthrough,ngram,closed_loop c=128,1,clean,evidence/raw/w4/fp8-ngram/closed-loop/seed-1/cl-conc-128
w4/fp8-ngram/closed-loop/seed-1/cl-conc-256,2026-09-11,"RTX 4090 24 GB (WSL2, desktop-shared)",fp8,passthrough,ngram,closed_loop c=256,1,"suspect: Windows committed VRAM 24985 MB > physical 24564 MiB (VidMm paging, ADR 0007)",evidence/raw/w4/fp8-ngram/closed-loop/seed-1/cl-conc-256
w4/fp8-ngram/closed-loop/seed-1/cl-conc-32,2026-09-11,"RTX 4090 24 GB (WSL2, desktop-shared)",fp8,passthrough,ngram,closed_loop c=32,1,clean,evidence/raw/w4/fp8-ngram/closed-loop/seed-1/cl-conc-32
w4/fp8-ngram/closed-loop/seed-1/cl-conc-8,2026-09-11,"RTX 4090 24 GB (WSL2, desktop-shared)",fp8,passthrough,ngram,closed_loop c=8,1,clean,evidence/raw/w4/fp8-ngram/closed-loop/seed-1/cl-conc-8
w4/fp8-ngram/open-loop/seed-1/ol-rate-10.04,2026-09-11,"RTX 4090 24 GB (WSL2, desktop-shared)",fp8,passthrough,ngram,open_loop 10.04 rps,1,clean,evidence/raw/w4/fp8-ngram/open-loop/seed-1/ol-rate-10.04
w4/fp8-ngram/open-loop/seed-1/ol-rate-20.09,2026-09-11,"RTX 4090 24 GB (WSL2, desktop-shared)",fp8,passthrough,ngram,open_loop 20.09 rps,1,clean,evidence/raw/w4/fp8-ngram/open-loop/seed-1/ol-rate-20.09
w4/fp8-ngram/open-loop/seed-1/ol-rate-30.13,2026-09-11,"RTX 4090 24 GB (WSL2, desktop-shared)",fp8,passthrough,ngram,open_loop 30.13 rps,1,"suspect: Windows committed VRAM 24949 MB > physical 24564 MiB (VidMm paging, ADR 0007)",evidence/raw/w4/fp8-ngram/open-loop/seed-1/ol-rate-30.13
w4/fp8-ngram/open-loop/seed-1/ol-rate-36.15,2026-09-11,"RTX 4090 24 GB (WSL2, desktop-shared)",fp8,passthrough,ngram,open_loop 36.15 rps,1,"suspect: Windows committed VRAM 25481 MB > physical 24564 MiB (VidMm paging, ADR 0007)",evidence/raw/w4/fp8-ngram/open-loop/seed-1/ol-rate-36.15
w4/fp8-ngram/open-loop/seed-1/ol-rate-4.02,2026-09-11,"RTX 4090 24 GB (WSL2, desktop-shared)",fp8,passthrough,ngram,open_loop 4.02 rps,1,clean,evidence/raw/w4/fp8-ngram/open-loop/seed-1/ol-rate-4.02
w4/fp8-ngram/open-loop/seed-2/ol-rate-10.04,2026-09-12,"RTX 4090 24 GB (WSL2, desktop-shared)",fp8,passthrough,ngram,open_loop 10.04 rps,2,clean,evidence/raw/w4/fp8-ngram/open-loop/seed-2/ol-rate-10.04
w4/fp8-ngram/open-loop/seed-2/ol-rate-20.09,2026-09-12,"RTX 4090 24 GB (WSL2, desktop-shared)",fp8,passthrough,ngram,open_loop 20.09 rps,2,clean,evidence/raw/w4/fp8-ngram/open-loop/seed-2/ol-rate-20.09
w4/fp8-ngram/open-loop/seed-2/ol-rate-30.13,2026-09-11,"RTX 4090 24 GB (WSL2, desktop-shared)",fp8,passthrough,ngram,open_loop 30.13 rps,2,"suspect: Windows committed VRAM 26605 MB > physical 24564 MiB (VidMm paging, ADR 0007)",evidence/raw/w4/fp8-ngram/open-loop/seed-2/ol-rate-30.13
w4/fp8-ngram/open-loop/seed-2/ol-rate-36.15,2026-09-11,"RTX 4090 24 GB (WSL2, desktop-shared)",fp8,passthrough,ngram,open_loop 36.15 rps,2,"suspect: Windows committed VRAM 26605 MB > physical 24564 MiB (VidMm paging, ADR 0007)",evidence/raw/w4/fp8-ngram/open-loop/seed-2/ol-rate-36.15
w4/fp8-ngram/open-loop/seed-2/ol-rate-4.02,2026-09-12,"RTX 4090 24 GB (WSL2, desktop-shared)",fp8,passthrough,ngram,open_loop 4.02 rps,2,clean,evidence/raw/w4/fp8-ngram/open-loop/seed-2/ol-rate-4.02
w4/fp8-ngram/open-loop/seed-3/ol-rate-10.04,2026-09-12,"RTX 4090 24 GB (WSL2, desktop-shared)",fp8,passthrough,ngram,open_loop 10.04 rps,3,clean,evidence/raw/w4/fp8-ngram/open-loop/seed-3/ol-rate-10.04
w4/fp8-ngram/open-loop/seed-3/ol-rate-20.09,2026-09-12,"RTX 4090 24 GB (WSL2, desktop-shared)",fp8,passthrough,ngram,open_loop 20.09 rps,3,clean,evidence/raw/w4/fp8-ngram/open-loop/seed-3/ol-rate-20.09
w4/fp8-ngram/open-loop/seed-3/ol-rate-30.13,2026-09-12,"RTX 4090 24 GB (WSL2, desktop-shared)",fp8,passthrough,ngram,open_loop 30.13 rps,3,"suspect: Windows committed VRAM 26605 MB > physical 24564 MiB (VidMm paging, ADR 0007)",evidence/raw/w4/fp8-ngram/open-loop/seed-3/ol-rate-30.13
w4/fp8-ngram/open-loop/seed-3/ol-rate-36.15,2026-09-12,"RTX 4090 24 GB (WSL2, desktop-shared)",fp8,passthrough,ngram,open_loop 36.15 rps,3,"suspect: Windows committed VRAM 26605 MB > physical 24564 MiB (VidMm paging, ADR 0007)",evidence/raw/w4/fp8-ngram/open-loop/seed-3/ol-rate-36.15
w4/fp8-ngram/open-loop/seed-3/ol-rate-4.02,2026-09-12,"RTX 4090 24 GB (WSL2, desktop-shared)",fp8,passthrough,ngram,open_loop 4.02 rps,3,clean,evidence/raw/w4/fp8-ngram/open-loop/seed-3/ol-rate-4.02
w4/fp8-none/closed-loop/seed-1/cl-conc-1,2026-09-11,"RTX 4090 24 GB (WSL2, desktop-shared)",fp8,passthrough,none,closed_loop c=1,1,clean,evidence/raw/w4/fp8-none/closed-loop/seed-1/cl-conc-1
w4/fp8-none/closed-loop/seed-1/cl-conc-128,2026-09-11,"RTX 4090 24 GB (WSL2, desktop-shared)",fp8,passthrough,none,closed_loop c=128,1,clean,evidence/raw/w4/fp8-none/closed-loop/seed-1/cl-conc-128
w4/fp8-none/closed-loop/seed-1/cl-conc-256,2026-09-11,"RTX 4090 24 GB (WSL2, desktop-shared)",fp8,passthrough,none,closed_loop c=256,1,clean,evidence/raw/w4/fp8-none/closed-loop/seed-1/cl-conc-256
w4/fp8-none/closed-loop/seed-1/cl-conc-32,2026-09-11,"RTX 4090 24 GB (WSL2, desktop-shared)",fp8,passthrough,none,closed_loop c=32,1,clean,evidence/raw/w4/fp8-none/closed-loop/seed-1/cl-conc-32
w4/fp8-none/closed-loop/seed-1/cl-conc-8,2026-09-11,"RTX 4090 24 GB (WSL2, desktop-shared)",fp8,passthrough,none,closed_loop c=8,1,clean,evidence/raw/w4/fp8-none/closed-loop/seed-1/cl-conc-8
w4/fp8-none/open-loop/seed-1/ol-rate-10.04,2026-09-11,"RTX 4090 24 GB (WSL2, desktop-shared)",fp8,passthrough,none,open_loop 10.04 rps,1,clean,evidence/raw/w4/fp8-none/open-loop/seed-1/ol-rate-10.04
w4/fp8-none/open-loop/seed-1/ol-rate-20.09,2026-09-11,"RTX 4090 24 GB (WSL2, desktop-shared)",fp8,passthrough,none,open_loop 20.09 rps,1,clean,evidence/raw/w4/fp8-none/open-loop/seed-1/ol-rate-20.09
w4/fp8-none/open-loop/seed-1/ol-rate-30.13,2026-09-11,"RTX 4090 24 GB (WSL2, desktop-shared)",fp8,passthrough,none,open_loop 30.13 rps,1,clean,evidence/raw/w4/fp8-none/open-loop/seed-1/ol-rate-30.13
w4/fp8-none/open-loop/seed-1/ol-rate-36.15,2026-09-11,"RTX 4090 24 GB (WSL2, desktop-shared)",fp8,passthrough,none,open_loop 36.15 rps,1,clean,evidence/raw/w4/fp8-none/open-loop/seed-1/ol-rate-36.15
w4/fp8-none/open-loop/seed-1/ol-rate-4.02,2026-09-11,"RTX 4090 24 GB (WSL2, desktop-shared)",fp8,passthrough,none,open_loop 4.02 rps,1,clean,evidence/raw/w4/fp8-none/open-loop/seed-1/ol-rate-4.02
w4/fp8-none/open-loop/seed-2/ol-rate-10.04,2026-09-11,"RTX 4090 24 GB (WSL2, desktop-shared)",fp8,passthrough,none,open_loop 10.04 rps,2,clean,evidence/raw/w4/fp8-none/open-loop/seed-2/ol-rate-10.04
w4/fp8-none/open-loop/seed-2/ol-rate-20.09,2026-09-11,"RTX 4090 24 GB (WSL2, desktop-shared)",fp8,passthrough,none,open_loop 20.09 rps,2,clean,evidence/raw/w4/fp8-none/open-loop/seed-2/ol-rate-20.09
w4/fp8-none/open-loop/seed-2/ol-rate-30.13,2026-09-11,"RTX 4090 24 GB (WSL2, desktop-shared)",fp8,passthrough,none,open_loop 30.13 rps,2,clean,evidence/raw/w4/fp8-none/open-loop/seed-2/ol-rate-30.13
w4/fp8-none/open-loop/seed-2/ol-rate-36.15,2026-09-11,"RTX 4090 24 GB (WSL2, desktop-shared)",fp8,passthrough,none,open_loop 36.15 rps,2,clean,evidence/raw/w4/fp8-none/open-loop/seed-2/ol-rate-36.15
w4/fp8-none/open-loop/seed-2/ol-rate-4.02,2026-09-11,"RTX 4090 24 GB (WSL2, desktop-shared)",fp8,passthrough,none,open_loop 4.02 rps,2,clean,evidence/raw/w4/fp8-none/open-loop/seed-2/ol-rate-4.02
w4/fp8-none/open-loop/seed-3/ol-rate-10.04,2026-09-11,"RTX 4090 24 GB (WSL2, desktop-shared)",fp8,passthrough,none,open_loop 10.04 rps,3,clean,evidence/raw/w4/fp8-none/open-loop/seed-3/ol-rate-10.04
w4/fp8-none/open-loop/seed-3/ol-rate-20.09,2026-09-11,"RTX 4090 24 GB (WSL2, desktop-shared)",fp8,passthrough,none,open_loop 20.09 rps,3,clean,evidence/raw/w4/fp8-none/open-loop/seed-3/ol-rate-20.09
w4/fp8-none/open-loop/seed-3/ol-rate-30.13,2026-09-11,"RTX 4090 24 GB (WSL2, desktop-shared)",fp8,passthrough,none,open_loop 30.13 rps,3,clean,evidence/raw/w4/fp8-none/open-loop/seed-3/ol-rate-30.13
w4/fp8-none/open-loop/seed-3/ol-rate-36.15,2026-09-11,"RTX 4090 24 GB (WSL2, desktop-shared)",fp8,passthrough,none,open_loop 36.15 rps,3,clean,evidence/raw/w4/fp8-none/open-loop/seed-3/ol-rate-36.15
w4/fp8-none/open-loop/seed-3/ol-rate-4.02,2026-09-11,"RTX 4090 24 GB (WSL2, desktop-shared)",fp8,passthrough,none,open_loop 4.02 rps,3,clean,evidence/raw/w4/fp8-none/open-loop/seed-3/ol-rate-4.02
w4/q4b-eagle3/closed-loop/seed-1/cl-conc-1,2026-09-12,"RTX 4090 24 GB (WSL2, desktop-shared)",bf16-4b,passthrough,eagle3,closed_loop c=1,1,clean,evidence/raw/w4/q4b-eagle3/closed-loop/seed-1/cl-conc-1
w4/q4b-eagle3/closed-loop/seed-1/cl-conc-128,2026-09-12,"RTX 4090 24 GB (WSL2, desktop-shared)",bf16-4b,passthrough,eagle3,closed_loop c=128,1,clean,evidence/raw/w4/q4b-eagle3/closed-loop/seed-1/cl-conc-128
w4/q4b-eagle3/closed-loop/seed-1/cl-conc-256,2026-09-12,"RTX 4090 24 GB (WSL2, desktop-shared)",bf16-4b,passthrough,eagle3,closed_loop c=256,1,clean,evidence/raw/w4/q4b-eagle3/closed-loop/seed-1/cl-conc-256
w4/q4b-eagle3/closed-loop/seed-1/cl-conc-32,2026-09-12,"RTX 4090 24 GB (WSL2, desktop-shared)",bf16-4b,passthrough,eagle3,closed_loop c=32,1,clean,evidence/raw/w4/q4b-eagle3/closed-loop/seed-1/cl-conc-32
w4/q4b-eagle3/closed-loop/seed-1/cl-conc-8,2026-09-12,"RTX 4090 24 GB (WSL2, desktop-shared)",bf16-4b,passthrough,eagle3,closed_loop c=8,1,clean,evidence/raw/w4/q4b-eagle3/closed-loop/seed-1/cl-conc-8
w4/q4b-eagle3/open-loop/seed-1/ol-rate-11.90,2026-09-12,"RTX 4090 24 GB (WSL2, desktop-shared)",bf16-4b,passthrough,eagle3,open_loop 11.9 rps,1,clean,evidence/raw/w4/q4b-eagle3/open-loop/seed-1/ol-rate-11.90
w4/q4b-eagle3/open-loop/seed-1/ol-rate-23.81,2026-09-12,"RTX 4090 24 GB (WSL2, desktop-shared)",bf16-4b,passthrough,eagle3,open_loop 23.81 rps,1,clean,evidence/raw/w4/q4b-eagle3/open-loop/seed-1/ol-rate-23.81
w4/q4b-eagle3/open-loop/seed-1/ol-rate-35.71,2026-09-12,"RTX 4090 24 GB (WSL2, desktop-shared)",bf16-4b,passthrough,eagle3,open_loop 35.71 rps,1,clean,evidence/raw/w4/q4b-eagle3/open-loop/seed-1/ol-rate-35.71
w4/q4b-eagle3/open-loop/seed-1/ol-rate-4.76,2026-09-12,"RTX 4090 24 GB (WSL2, desktop-shared)",bf16-4b,passthrough,eagle3,open_loop 4.76 rps,1,clean,evidence/raw/w4/q4b-eagle3/open-loop/seed-1/ol-rate-4.76
w4/q4b-eagle3/open-loop/seed-1/ol-rate-42.86,2026-09-12,"RTX 4090 24 GB (WSL2, desktop-shared)",bf16-4b,passthrough,eagle3,open_loop 42.86 rps,1,clean,evidence/raw/w4/q4b-eagle3/open-loop/seed-1/ol-rate-42.86
w4/q4b-eagle3/open-loop/seed-2/ol-rate-11.90,2026-09-12,"RTX 4090 24 GB (WSL2, desktop-shared)",bf16-4b,passthrough,eagle3,open_loop 11.9 rps,2,clean,evidence/raw/w4/q4b-eagle3/open-loop/seed-2/ol-rate-11.90
w4/q4b-eagle3/open-loop/seed-2/ol-rate-23.81,2026-09-12,"RTX 4090 24 GB (WSL2, desktop-shared)",bf16-4b,passthrough,eagle3,open_loop 23.81 rps,2,clean,evidence/raw/w4/q4b-eagle3/open-loop/seed-2/ol-rate-23.81
w4/q4b-eagle3/open-loop/seed-2/ol-rate-35.71,2026-09-12,"RTX 4090 24 GB (WSL2, desktop-shared)",bf16-4b,passthrough,eagle3,open_loop 35.71 rps,2,clean,evidence/raw/w4/q4b-eagle3/open-loop/seed-2/ol-rate-35.71
w4/q4b-eagle3/open-loop/seed-2/ol-rate-4.76,2026-09-12,"RTX 4090 24 GB (WSL2, desktop-shared)",bf16-4b,passthrough,eagle3,open_loop 4.76 rps,2,clean,evidence/raw/w4/q4b-eagle3/open-loop/seed-2/ol-rate-4.76
w4/q4b-eagle3/open-loop/seed-2/ol-rate-42.86,2026-09-12,"RTX 4090 24 GB (WSL2, desktop-shared)",bf16-4b,passthrough,eagle3,open_loop 42.86 rps,2,clean,evidence/raw/w4/q4b-eagle3/open-loop/seed-2/ol-rate-42.86
w4/q4b-eagle3/open-loop/seed-3/ol-rate-11.90,2026-09-12,"RTX 4090 24 GB (WSL2, desktop-shared)",bf16-4b,passthrough,eagle3,open_loop 11.9 rps,3,clean,evidence/raw/w4/q4b-eagle3/open-loop/seed-3/ol-rate-11.90
w4/q4b-eagle3/open-loop/seed-3/ol-rate-23.81,2026-09-12,"RTX 4090 24 GB (WSL2, desktop-shared)",bf16-4b,passthrough,eagle3,open_loop 23.81 rps,3,clean,evidence/raw/w4/q4b-eagle3/open-loop/seed-3/ol-rate-23.81
w4/q4b-eagle3/open-loop/seed-3/ol-rate-35.71,2026-09-12,"RTX 4090 24 GB (WSL2, desktop-shared)",bf16-4b,passthrough,eagle3,open_loop 35.71 rps,3,clean,evidence/raw/w4/q4b-eagle3/open-loop/seed-3/ol-rate-35.71
w4/q4b-eagle3/open-loop/seed-3/ol-rate-4.76,2026-09-12,"RTX 4090 24 GB (WSL2, desktop-shared)",bf16-4b,passthrough,eagle3,open_loop 4.76 rps,3,clean,evidence/raw/w4/q4b-eagle3/open-loop/seed-3/ol-rate-4.76
w4/q4b-eagle3/open-loop/seed-3/ol-rate-42.86,2026-09-12,"RTX 4090 24 GB (WSL2, desktop-shared)",bf16-4b,passthrough,eagle3,open_loop 42.86 rps,3,clean,evidence/raw/w4/q4b-eagle3/open-loop/seed-3/ol-rate-42.86
w4/q4b-ngram/closed-loop/seed-1/cl-conc-1,2026-09-12,"RTX 4090 24 GB (WSL2, desktop-shared)",bf16-4b,passthrough,ngram,closed_loop c=1,1,clean,evidence/raw/w4/q4b-ngram/closed-loop/seed-1/cl-conc-1
w4/q4b-ngram/closed-loop/seed-1/cl-conc-128,2026-09-12,"RTX 4090 24 GB (WSL2, desktop-shared)",bf16-4b,passthrough,ngram,closed_loop c=128,1,clean,evidence/raw/w4/q4b-ngram/closed-loop/seed-1/cl-conc-128
w4/q4b-ngram/closed-loop/seed-1/cl-conc-256,2026-09-12,"RTX 4090 24 GB (WSL2, desktop-shared)",bf16-4b,passthrough,ngram,closed_loop c=256,1,clean,evidence/raw/w4/q4b-ngram/closed-loop/seed-1/cl-conc-256
w4/q4b-ngram/closed-loop/seed-1/cl-conc-32,2026-09-12,"RTX 4090 24 GB (WSL2, desktop-shared)",bf16-4b,passthrough,ngram,closed_loop c=32,1,clean,evidence/raw/w4/q4b-ngram/closed-loop/seed-1/cl-conc-32
w4/q4b-ngram/closed-loop/seed-1/cl-conc-8,2026-09-12,"RTX 4090 24 GB (WSL2, desktop-shared)",bf16-4b,passthrough,ngram,closed_loop c=8,1,clean,evidence/raw/w4/q4b-ngram/closed-loop/seed-1/cl-conc-8
w4/q4b-ngram/open-loop/seed-1/ol-rate-11.90,2026-09-12,"RTX 4090 24 GB (WSL2, desktop-shared)",bf16-4b,passthrough,ngram,open_loop 11.9 rps,1,clean,evidence/raw/w4/q4b-ngram/open-loop/seed-1/ol-rate-11.90
w4/q4b-ngram/open-loop/seed-1/ol-rate-23.81,2026-09-12,"RTX 4090 24 GB (WSL2, desktop-shared)",bf16-4b,passthrough,ngram,open_loop 23.81 rps,1,clean,evidence/raw/w4/q4b-ngram/open-loop/seed-1/ol-rate-23.81
w4/q4b-ngram/open-loop/seed-1/ol-rate-35.71,2026-09-12,"RTX 4090 24 GB (WSL2, desktop-shared)",bf16-4b,passthrough,ngram,open_loop 35.71 rps,1,"suspect: Windows committed VRAM 26038 MB > physical 24564 MiB (VidMm paging, ADR 0007)",evidence/raw/w4/q4b-ngram/open-loop/seed-1/ol-rate-35.71
w4/q4b-ngram/open-loop/seed-1/ol-rate-4.76,2026-09-12,"RTX 4090 24 GB (WSL2, desktop-shared)",bf16-4b,passthrough,ngram,open_loop 4.76 rps,1,clean,evidence/raw/w4/q4b-ngram/open-loop/seed-1/ol-rate-4.76
w4/q4b-ngram/open-loop/seed-1/ol-rate-42.86,2026-09-12,"RTX 4090 24 GB (WSL2, desktop-shared)",bf16-4b,passthrough,ngram,open_loop 42.86 rps,1,"suspect: Windows committed VRAM 26603 MB > physical 24564 MiB (VidMm paging, ADR 0007)",evidence/raw/w4/q4b-ngram/open-loop/seed-1/ol-rate-42.86
w4/q4b-ngram/open-loop/seed-2/ol-rate-11.90,2026-09-12,"RTX 4090 24 GB (WSL2, desktop-shared)",bf16-4b,passthrough,ngram,open_loop 11.9 rps,2,clean,evidence/raw/w4/q4b-ngram/open-loop/seed-2/ol-rate-11.90
w4/q4b-ngram/open-loop/seed-2/ol-rate-23.81,2026-09-12,"RTX 4090 24 GB (WSL2, desktop-shared)",bf16-4b,passthrough,ngram,open_loop 23.81 rps,2,clean,evidence/raw/w4/q4b-ngram/open-loop/seed-2/ol-rate-23.81
w4/q4b-ngram/open-loop/seed-2/ol-rate-35.71,2026-09-12,"RTX 4090 24 GB (WSL2, desktop-shared)",bf16-4b,passthrough,ngram,open_loop 35.71 rps,2,"suspect: Windows committed VRAM 26603 MB > physical 24564 MiB (VidMm paging, ADR 0007)",evidence/raw/w4/q4b-ngram/open-loop/seed-2/ol-rate-35.71
w4/q4b-ngram/open-loop/seed-2/ol-rate-4.76,2026-09-12,"RTX 4090 24 GB (WSL2, desktop-shared)",bf16-4b,passthrough,ngram,open_loop 4.76 rps,2,clean,evidence/raw/w4/q4b-ngram/open-loop/seed-2/ol-rate-4.76
w4/q4b-ngram/open-loop/seed-2/ol-rate-42.86,2026-09-12,"RTX 4090 24 GB (WSL2, desktop-shared)",bf16-4b,passthrough,ngram,open_loop 42.86 rps,2,"suspect: Windows committed VRAM 27186 MB > physical 24564 MiB (VidMm paging, ADR 0007)",evidence/raw/w4/q4b-ngram/open-loop/seed-2/ol-rate-42.86
w4/q4b-ngram/open-loop/seed-3/ol-rate-11.90,2026-09-12,"RTX 4090 24 GB (WSL2, desktop-shared)",bf16-4b,passthrough,ngram,open_loop 11.9 rps,3,clean,evidence/raw/w4/q4b-ngram/open-loop/seed-3/ol-rate-11.90
w4/q4b-ngram/open-loop/seed-3/ol-rate-23.81,2026-09-12,"RTX 4090 24 GB (WSL2, desktop-shared)",bf16-4b,passthrough,ngram,open_loop 23.81 rps,3,clean,evidence/raw/w4/q4b-ngram/open-loop/seed-3/ol-rate-23.81
w4/q4b-ngram/open-loop/seed-3/ol-rate-35.71,2026-09-12,"RTX 4090 24 GB (WSL2, desktop-shared)",bf16-4b,passthrough,ngram,open_loop 35.71 rps,3,"suspect: Windows committed VRAM 26603 MB > physical 24564 MiB (VidMm paging, ADR 0007)",evidence/raw/w4/q4b-ngram/open-loop/seed-3/ol-rate-35.71
w4/q4b-ngram/open-loop/seed-3/ol-rate-4.76,2026-09-12,"RTX 4090 24 GB (WSL2, desktop-shared)",bf16-4b,passthrough,ngram,open_loop 4.76 rps,3,clean,evidence/raw/w4/q4b-ngram/open-loop/seed-3/ol-rate-4.76
w4/q4b-ngram/open-loop/seed-3/ol-rate-42.86,2026-09-12,"RTX 4090 24 GB (WSL2, desktop-shared)",bf16-4b,passthrough,ngram,open_loop 42.86 rps,3,"suspect: Windows committed VRAM 27186 MB > physical 24564 MiB (VidMm paging, ADR 0007)",evidence/raw/w4/q4b-ngram/open-loop/seed-3/ol-rate-42.86
w4/q4b-none/closed-loop/seed-1/cl-conc-1,2026-09-12,"RTX 4090 24 GB (WSL2, desktop-shared)",bf16-4b,passthrough,none,closed_loop c=1,1,clean,evidence/raw/w4/q4b-none/closed-loop/seed-1/cl-conc-1
w4/q4b-none/closed-loop/seed-1/cl-conc-128,2026-09-12,"RTX 4090 24 GB (WSL2, desktop-shared)",bf16-4b,passthrough,none,closed_loop c=128,1,clean,evidence/raw/w4/q4b-none/closed-loop/seed-1/cl-conc-128
w4/q4b-none/closed-loop/seed-1/cl-conc-256,2026-09-12,"RTX 4090 24 GB (WSL2, desktop-shared)",bf16-4b,passthrough,none,closed_loop c=256,1,clean,evidence/raw/w4/q4b-none/closed-loop/seed-1/cl-conc-256
w4/q4b-none/closed-loop/seed-1/cl-conc-32,2026-09-12,"RTX 4090 24 GB (WSL2, desktop-shared)",bf16-4b,passthrough,none,closed_loop c=32,1,clean,evidence/raw/w4/q4b-none/closed-loop/seed-1/cl-conc-32
w4/q4b-none/closed-loop/seed-1/cl-conc-8,2026-09-12,"RTX 4090 24 GB (WSL2, desktop-shared)",bf16-4b,passthrough,none,closed_loop c=8,1,clean,evidence/raw/w4/q4b-none/closed-loop/seed-1/cl-conc-8
w4/q4b-none/open-loop/seed-1/ol-rate-11.90,2026-09-12,"RTX 4090 24 GB (WSL2, desktop-shared)",bf16-4b,passthrough,none,open_loop 11.9 rps,1,clean,evidence/raw/w4/q4b-none/open-loop/seed-1/ol-rate-11.90
w4/q4b-none/open-loop/seed-1/ol-rate-23.81,2026-09-12,"RTX 4090 24 GB (WSL2, desktop-shared)",bf16-4b,passthrough,none,open_loop 23.81 rps,1,clean,evidence/raw/w4/q4b-none/open-loop/seed-1/ol-rate-23.81
w4/q4b-none/open-loop/seed-1/ol-rate-35.71,2026-09-12,"RTX 4090 24 GB (WSL2, desktop-shared)",bf16-4b,passthrough,none,open_loop 35.71 rps,1,clean,evidence/raw/w4/q4b-none/open-loop/seed-1/ol-rate-35.71
w4/q4b-none/open-loop/seed-1/ol-rate-4.76,2026-09-12,"RTX 4090 24 GB (WSL2, desktop-shared)",bf16-4b,passthrough,none,open_loop 4.76 rps,1,clean,evidence/raw/w4/q4b-none/open-loop/seed-1/ol-rate-4.76
w4/q4b-none/open-loop/seed-1/ol-rate-42.86,2026-09-12,"RTX 4090 24 GB (WSL2, desktop-shared)",bf16-4b,passthrough,none,open_loop 42.86 rps,1,clean,evidence/raw/w4/q4b-none/open-loop/seed-1/ol-rate-42.86
w4/q4b-none/open-loop/seed-2/ol-rate-11.90,2026-09-12,"RTX 4090 24 GB (WSL2, desktop-shared)",bf16-4b,passthrough,none,open_loop 11.9 rps,2,clean,evidence/raw/w4/q4b-none/open-loop/seed-2/ol-rate-11.90
w4/q4b-none/open-loop/seed-2/ol-rate-23.81,2026-09-12,"RTX 4090 24 GB (WSL2, desktop-shared)",bf16-4b,passthrough,none,open_loop 23.81 rps,2,clean,evidence/raw/w4/q4b-none/open-loop/seed-2/ol-rate-23.81
w4/q4b-none/open-loop/seed-2/ol-rate-35.71,2026-09-12,"RTX 4090 24 GB (WSL2, desktop-shared)",bf16-4b,passthrough,none,open_loop 35.71 rps,2,clean,evidence/raw/w4/q4b-none/open-loop/seed-2/ol-rate-35.71
w4/q4b-none/open-loop/seed-2/ol-rate-4.76,2026-09-12,"RTX 4090 24 GB (WSL2, desktop-shared)",bf16-4b,passthrough,none,open_loop 4.76 rps,2,clean,evidence/raw/w4/q4b-none/open-loop/seed-2/ol-rate-4.76
w4/q4b-none/open-loop/seed-2/ol-rate-42.86,2026-09-12,"RTX 4090 24 GB (WSL2, desktop-shared)",bf16-4b,passthrough,none,open_loop 42.86 rps,2,clean,evidence/raw/w4/q4b-none/open-loop/seed-2/ol-rate-42.86
w4/q4b-none/open-loop/seed-3/ol-rate-11.90,2026-09-12,"RTX 4090 24 GB (WSL2, desktop-shared)",bf16-4b,passthrough,none,open_loop 11.9 rps,3,clean,evidence/raw/w4/q4b-none/open-loop/seed-3/ol-rate-11.90
w4/q4b-none/open-loop/seed-3/ol-rate-23.81,2026-09-12,"RTX 4090 24 GB (WSL2, desktop-shared)",bf16-4b,passthrough,none,open_loop 23.81 rps,3,clean,evidence/raw/w4/q4b-none/open-loop/seed-3/ol-rate-23.81
w4/q4b-none/open-loop/seed-3/ol-rate-35.71,2026-09-12,"RTX 4090 24 GB (WSL2, desktop-shared)",bf16-4b,passthrough,none,open_loop 35.71 rps,3,clean,evidence/raw/w4/q4b-none/open-loop/seed-3/ol-rate-35.71
w4/q4b-none/open-loop/seed-3/ol-rate-4.76,2026-09-12,"RTX 4090 24 GB (WSL2, desktop-shared)",bf16-4b,passthrough,none,open_loop 4.76 rps,3,clean,evidence/raw/w4/q4b-none/open-loop/seed-3/ol-rate-4.76
w4/q4b-none/open-loop/seed-3/ol-rate-42.86,2026-09-12,"RTX 4090 24 GB (WSL2, desktop-shared)",bf16-4b,passthrough,none,open_loop 42.86 rps,3,clean,evidence/raw/w4/q4b-none/open-loop/seed-3/ol-rate-42.86
